{"type":"FeatureCollection","features":[{"type":"Feature","id":"1","geometry":{"type":"Point","coordinates":[-77.06861620212666,38.91551648717705]},"properties":{"OBJECTID":1,"NAME":"Fillmore Arts Center (West)","ADDRESS":"1819 35TH STREET NW","FACUSE":"Arts Center","LEVEL_":"AC","STATUS":"Active","PHONE":"202-729-3796","UNGRADED":0,"TOTAL_STUD":0,"SSL":" ","GIS_ID":"dcps_923","WEB_URL":"http://www.fillmoreartscenter.org/","ADDR_ID":274432,"BLDG_NUM":0,"SCH_PROG":"0","CAPITALGAINS":"N","CAPACITY":null,"YEAR_BUILT":null,"SQUARE_FOOTAGE":null,"POPULATION_PLAN":null,"POPULATION_ENROLLED_2008":null,"X":394049.46,"Y":138629.13,"ADDRID":274432,"ZIP_CODE":20007}},{"type":"Feature","id":"10","geometry":{"type":"Point","coordinates":[-77.07008151775702,38.95294098491906]},"properties":{"OBJECTID":10,"NAME":"Murch Elementary School","ADDRESS":"4810 36TH STREET NW","FACUSE":"Elementary School","LEVEL_":"ES","STATUS":"Active","PHONE":"202-282-0130","UNGRADED":null,"TOTAL_STUD":556,"SSL":" ","GIS_ID":"dcps_287","WEB_URL":"http://www.murchschool.org","ADDR_ID":294602,"BLDG_NUM":287,"SCH_PROG":"287","CAPITALGAINS":"N","CAPACITY":null,"YEAR_BUILT":null,"SQUARE_FOOTAGE":null,"POPULATION_PLAN":null,"POPULATION_ENROLLED_2008":null,"X":393925.57,"Y":142783.67,"ADDRID":294602,"ZIP_CODE":20008}},{"type":"Feature","id":"100","geometry":{"type":"Point","coordinates":[-76.98307953050461,38.87009150762566]},"properties":{"OBJECTID":100,"NAME":"Anacostia High School","ADDRESS":"1601 16TH STREET SE","FACUSE":"High School","LEVEL_":"SHS","STATUS":"Active","PHONE":"202-698-2155","UNGRADED":null,"TOTAL_STUD":784,"SSL":" ","GIS_ID":"dcps_450","WEB_URL":"http://dcatlas.dcgis.dc.gov/schoolprofile/schools.aspx","ADDR_ID":155922,"BLDG_NUM":450,"SCH_PROG":"450","CAPITALGAINS":"N","CAPACITY":1040,"YEAR_BUILT":1935,"SQUARE_FOOTAGE":247900,"POPULATION_PLAN":1100,"POPULATION_ENROLLED_2008":835,"X":401468.56,"Y":133584.5,"ADDRID":155922,"ZIP_CODE":20020}},{"type":"Feature","id":"101","geometry":{"type":"Point","coordinates":[-76.98370595672756,38.85134435056086]},"properties":{"OBJECTID":101,"NAME":"Johnson Middle School","ADDRESS":"1400 BRUCE PLACE SE","FACUSE":"Middle School","LEVEL_":"MS","STATUS":"Active","PHONE":"202-939-3140","UNGRADED":0,"TOTAL_STUD":252,"SSL":" ","GIS_ID":"dcps_416","WEB_URL":"http://dcatlas.dcgis.dc.gov/schoolprofile/schools.aspx","ADDR_ID":294520,"BLDG_NUM":416,"SCH_PROG":"416","CAPITALGAINS":"N","CAPACITY":null,"YEAR_BUILT":1969,"SQUARE_FOOTAGE":277000,"POPULATION_PLAN":null,"POPULATION_ENROLLED_2008":null,"X":401414.57,"Y":131503.42,"ADDRID":294520,"ZIP_CODE":20020}},{"type":"Feature","id":"102","geometry":{"type":"Point","coordinates":[-77.02488475847085,38.91062615117742]},"properties":{"OBJECTID":102,"NAME":"Seaton Elementary School","ADDRESS":"1503 10TH STREET NW","FACUSE":"Elementary School","LEVEL_":"ES","STATUS":"Active","PHONE":"202-673-7215","UNGRADED":null,"TOTAL_STUD":265,"SSL":" ","GIS_ID":"dcps_309","WEB_URL":"http://dcatlas.dcgis.dc.gov/schoolprofile/schools.aspx","ADDR_ID":279203,"BLDG_NUM":309,"SCH_PROG":"309","CAPITALGAINS":"N","CAPACITY":428,"YEAR_BUILT":1969,"SQUARE_FOOTAGE":65000,"POPULATION_PLAN":325,"POPULATION_ENROLLED_2008":311,"X":397841.92,"Y":138084.32,"ADDRID":279203,"ZIP_CODE":20001}},{"type":"Feature","id":"103","geometry":{"type":"Point","coordinates":[-77.02777863575504,38.943615972158675]},"properties":{"OBJECTID":103,"NAME":"Roosevelt STAY High School","ADDRESS":"4400 IOWA AVENUE NW","FACUSE":"Youth Engagement","LEVEL_":"STAY","STATUS":"Active","PHONE":"202-576-8399","UNGRADED":497,"TOTAL_STUD":497,"SSL":" ","GIS_ID":"dcps_913","WEB_URL":"http://www.dcps.dc.gov/DCPS/RSTAY","ADDR_ID":252605,"BLDG_NUM":459,"SCH_PROG":"459A","CAPITALGAINS":"N","CAPACITY":null,"YEAR_BUILT":null,"SQUARE_FOOTAGE":null,"POPULATION_PLAN":null,"POPULATION_ENROLLED_2008":null,"X":397592.04000000004,"Y":141746.55000000002,"ADDRID":294595,"ZIP_CODE":20011}},{"type":"Feature","id":"104","geometry":{"type":"Point","coordinates":[-76.9885030510634,38.90412519953248]},"properties":{"OBJECTID":104,"NAME":"Wheatley Education Campus","ADDRESS":"1299 NEAL STREET NE","FACUSE":"Education Campus","LEVEL_":"EC","STATUS":"Active","PHONE":"202-939-5970","UNGRADED":null,"TOTAL_STUD":475,"SSL":" ","GIS_ID":"dcps_335","WEB_URL":"http://dcatlas.dcgis.dc.gov/schoolprofile/schools.aspx","ADDR_ID":294512,"BLDG_NUM":335,"SCH_PROG":"335","CAPITALGAINS":"N","CAPACITY":625,"YEAR_BUILT":1960,"SQUARE_FOOTAGE":103700,"POPULATION_PLAN":400,"POPULATION_ENROLLED_2008":327,"X":400997.43,"Y":137362.43,"ADDRID":294512,"ZIP_CODE":20002}},{"type":"Feature","id":"105","geometry":{"type":"Point","coordinates":[-77.00722725374621,38.95252090264419]},"properties":{"OBJECTID":105,"NAME":"Mamie D. Lee School","ADDRESS":"100 GALLATIN STREET NE","FACUSE":"Special Education School","LEVEL_":"SE","STATUS":"Active","PHONE":"202-576-6090","UNGRADED":90,"TOTAL_STUD":90,"SSL":" ","GIS_ID":"dcps_265","WEB_URL":"http://dcatlas.dcgis.dc.gov/schoolprofile/schools.aspx","ADDR_ID":294470,"BLDG_NUM":465,"SCH_PROG":"465","CAPITALGAINS":"N","CAPACITY":null,"YEAR_BUILT":1971,"SQUARE_FOOTAGE":null,"POPULATION_PLAN":null,"POPULATION_ENROLLED_2008":null,"X":399373.74,"Y":142734.73,"ADDRID":294470,"ZIP_CODE":20011}},{"type":"Feature","id":"106","geometry":{"type":"Point","coordinates":[-76.99184516681355,38.92518543949811]},"properties":{"OBJECTID":106,"NAME":"Noyes Education Campus","ADDRESS":"2725 10TH STREET NE","FACUSE":"Education Campus","LEVEL_":"EC","STATUS":"Active","PHONE":"202-281-2580","UNGRADED":null,"TOTAL_STUD":352,"SSL":" ","GIS_ID":"dcps_290","WEB_URL":"http://dcatlas.dcgis.dc.gov/schoolprofile/schools.aspx","ADDR_ID":289594,"BLDG_NUM":290,"SCH_PROG":"290","CAPITALGAINS":"N","CAPACITY":null,"YEAR_BUILT":null,"SQUARE_FOOTAGE":null,"POPULATION_PLAN":null,"POPULATION_ENROLLED_2008":null,"X":400707.33,"Y":139700.26,"ADDRID":289594,"ZIP_CODE":20018}},{"type":"Feature","id":"107","geometry":{"type":"Point","coordinates":[-77.05720567559382,38.92360328286345]},"properties":{"OBJECTID":107,"NAME":"Oyster-Adams Bilingual School (Oyster)","ADDRESS":"2801 CALVERT STREET NW","FACUSE":"Education Campus","LEVEL_":"EC","STATUS":"Active","PHONE":"202-671-6130","UNGRADED":0,"TOTAL_STUD":355,"SSL":" ","GIS_ID":"dcps_292","WEB_URL":"http://www.oysterbilingualschool.com/","ADDR_ID":275944,"BLDG_NUM":292,"SCH_PROG":"292","CAPITALGAINS":"N","CAPACITY":null,"YEAR_BUILT":null,"SQUARE_FOOTAGE":null,"POPULATION_PLAN":null,"POPULATION_ENROLLED_2008":null,"X":395039.60000000003,"Y":139526.15,"ADDRID":275944,"ZIP_CODE":20008}},{"type":"Feature","id":"108","geometry":{"type":"Point","coordinates":[-77.0239792607167,38.92384021287527]},"properties":{"OBJECTID":108,"NAME":"Benjamin Banneker High School","ADDRESS":"800 EUCLID STREET NW","FACUSE":"High School/Specialized","LEVEL_":"HS","STATUS":"Active","PHONE":"202-671-6320","UNGRADED":0,"TOTAL_STUD":413,"SSL":" ","GIS_ID":"dcps_402","WEB_URL":"http://www.benjaminbanneker.org/","ADDR_ID":294496,"BLDG_NUM":402,"SCH_PROG":"402","CAPITALGAINS":"N","CAPACITY":620,"YEAR_BUILT":1939,"SQUARE_FOOTAGE":180000,"POPULATION_PLAN":500,"POPULATION_ENROLLED_2008":391,"X":397920.84,"Y":139551.17,"ADDRID":294496,"ZIP_CODE":20001}},{"type":"Feature","id":"109","geometry":{"type":"Point","coordinates":[-77.02291294981048,38.879878381785296]},"properties":{"OBJECTID":109,"NAME":"Jefferson Middle School","ADDRESS":"801 7TH STREET SW","FACUSE":"Middle School","LEVEL_":"MS","STATUS":"Active","PHONE":"202-729-3270","UNGRADED":null,"TOTAL_STUD":174,"SSL":" ","GIS_ID":"dcps_415","WEB_URL":"http://www.k12.dc.us/schools/Jefferson/","ADDR_ID":276812,"BLDG_NUM":415,"SCH_PROG":"415","CAPITALGAINS":"Y","CAPACITY":900,"YEAR_BUILT":1940,"SQUARE_FOOTAGE":109000,"POPULATION_PLAN":450,"POPULATION_ENROLLED_2008":408,"X":398012.08,"Y":134671.03,"ADDRID":276812,"ZIP_CODE":20024}},{"type":"Feature","id":"11","geometry":{"type":"Point","coordinates":[-77.0146961497148,38.9085310046647]},"properties":{"OBJECTID":11,"NAME":"Dunbar High School","ADDRESS":"1301 NEW JERSEY AVENUE NW","FACUSE":"High School","LEVEL_":"SHS","STATUS":"Active","PHONE":"202-698-3762","UNGRADED":null,"TOTAL_STUD":514,"SSL":" ","GIS_ID":"dcps_467","WEB_URL":"http://dcatlas.dcgis.dc.gov/schoolprofile/schools.aspx","ADDR_ID":279021,"BLDG_NUM":467,"SCH_PROG":"940","CAPITALGAINS":"N","CAPACITY":1095,"YEAR_BUILT":1977,"SQUARE_FOOTAGE":343400,"POPULATION_PLAN":1600,"POPULATION_ENROLLED_2008":973,"X":398725.55,"Y":137851.55,"ADDRID":279021,"ZIP_CODE":20001}},{"type":"Feature","id":"110","geometry":{"type":"Point","coordinates":[-76.92446143985119,38.90057322205526]},"properties":{"OBJECTID":110,"NAME":"Burrville Elementary School","ADDRESS":"801 DIVISION AVENUE NE","FACUSE":"Elementary School","LEVEL_":"ES","STATUS":"Active","PHONE":"202-671-6020","UNGRADED":null,"TOTAL_STUD":368,"SSL":" ","GIS_ID":"dcps_221","WEB_URL":"http://dcatlas.dcgis.dc.gov/schoolprofile/schools.aspx","ADDR_ID":289787,"BLDG_NUM":221,"SCH_PROG":"221","CAPITALGAINS":"N","CAPACITY":322,"YEAR_BUILT":1980,"SQUARE_FOOTAGE":95000,"POPULATION_PLAN":450,"POPULATION_ENROLLED_2008":424,"X":406552.65,"Y":136970.78,"ADDRID":289787,"ZIP_CODE":20019}},{"type":"Feature","id":"111","geometry":{"type":"Point","coordinates":[-76.97066933279865,38.90260633790191]},"properties":{"OBJECTID":111,"NAME":"Browne Education Campus","ADDRESS":"850 26TH STREET NE","FACUSE":"Education Campus","LEVEL_":"EC","STATUS":"Active","PHONE":"202-671-6210","UNGRADED":null,"TOTAL_STUD":384,"SSL":" ","GIS_ID":"dcps_404","WEB_URL":"http://www.dcps.dc.gov/DCPS/browne","ADDR_ID":294501,"BLDG_NUM":404,"SCH_PROG":"404","CAPITALGAINS":"Y","CAPACITY":835,"YEAR_BUILT":1932,"SQUARE_FOOTAGE":215400,"POPULATION_PLAN":750,"POPULATION_ENROLLED_2008":211,"X":402544.36,"Y":137194.17,"ADDRID":294501,"ZIP_CODE":20002}},{"type":"Feature","id":"112","geometry":{"type":"Point","coordinates":[-77.02643495398235,38.935818665270325]},"properties":{"OBJECTID":112,"NAME":"Raymond Education Campus","ADDRESS":"915 SPRING ROAD NW","FACUSE":"Education Campus","LEVEL_":"EC","STATUS":"Active","PHONE":"202-576-6236","UNGRADED":null,"TOTAL_STUD":442,"SSL":" ","GIS_ID":"dcps_302","WEB_URL":"http://dcatlas.dcgis.dc.gov/schoolprofile/schools.aspx","ADDR_ID":226682,"BLDG_NUM":302,"SCH_PROG":"302","CAPITALGAINS":"N","CAPACITY":null,"YEAR_BUILT":null,"SQUARE_FOOTAGE":null,"POPULATION_PLAN":null,"POPULATION_ENROLLED_2008":null,"X":397708.28,"Y":140880.94,"ADDRID":226682,"ZIP_CODE":20010}},{"type":"Feature","id":"113","geometry":{"type":"Point","coordinates":[-77.10052963425032,38.92680929350779]},"properties":{"OBJECTID":113,"NAME":"Key Elementary School","ADDRESS":"5001 DANA PLACE NW","FACUSE":"Elementary School","LEVEL_":"ES","STATUS":"Active","PHONE":"202-729-3280","UNGRADED":null,"TOTAL_STUD":386,"SSL":" ","GIS_ID":"dcps_272","WEB_URL":"http://www.keyschooldc.org","ADDR_ID":294605,"BLDG_NUM":272,"SCH_PROG":"272","CAPITALGAINS":"N","CAPACITY":null,"YEAR_BUILT":1929,"SQUARE_FOOTAGE":null,"POPULATION_PLAN":null,"POPULATION_ENROLLED_2008":null,"X":391283.15,"Y":139885.29,"ADDRID":294605,"ZIP_CODE":20016}},{"type":"Feature","id":"114","geometry":{"type":"Point","coordinates":[-77.0014621329234,38.88480865948608]},"properties":{"OBJECTID":114,"NAME":"Brent Elementary School","ADDRESS":"301 NORTH CAROLINA AVENUE SE","FACUSE":"Elementary School","LEVEL_":"ES","STATUS":"Active","PHONE":"202-698-3363","UNGRADED":null,"TOTAL_STUD":347,"SSL":" ","GIS_ID":"dcps_212","WEB_URL":"http://www.brentelementary.org","ADDR_ID":294479,"BLDG_NUM":212,"SCH_PROG":"212","CAPITALGAINS":"N","CAPACITY":276,"YEAR_BUILT":1968,"SQUARE_FOOTAGE":47500,"POPULATION_PLAN":325,"POPULATION_ENROLLED_2008":203,"X":399873.34,"Y":135218.08000000002,"ADDRID":294479,"ZIP_CODE":20003}},{"type":"Feature","id":"115","geometry":{"type":"Point","coordinates":[-77.06582344448879,38.93273453023924]},"properties":{"OBJECTID":115,"NAME":"Eaton Elementary School","ADDRESS":"3301 LOWELL STREET NW","FACUSE":"Elementary School","LEVEL_":"ES","STATUS":"Active","PHONE":"202-282-0103","UNGRADED":null,"TOTAL_STUD":457,"SSL":" ","GIS_ID":"dcps_232","WEB_URL":"http://www.eatondc.org/","ADDR_ID":294562,"BLDG_NUM":232,"SCH_PROG":"232","CAPITALGAINS":"N","CAPACITY":418,"YEAR_BUILT":1911,"SQUARE_FOOTAGE":49100,"POPULATION_PLAN":400,"POPULATION_ENROLLED_2008":412,"X":394293.04000000004,"Y":140540.30000000002,"ADDRID":294562,"ZIP_CODE":20008}},{"type":"Feature","id":"116","geometry":{"type":"Point","coordinates":[-76.95757497661059,38.88309054194811]},"properties":{"OBJECTID":116,"NAME":"Kimball Elementary School","ADDRESS":"3375 MINNESOTA AVENUE SE","FACUSE":"Elementary School","LEVEL_":"ES","STATUS":"Active","PHONE":"202-671-6260","UNGRADED":null,"TOTAL_STUD":313,"SSL":" ","GIS_ID":"dcps_259","WEB_URL":"http://dcatlas.dcgis.dc.gov/schoolprofile/schools.aspx","ADDR_ID":294565,"BLDG_NUM":259,"SCH_PROG":"259","CAPITALGAINS":"N","CAPACITY":474,"YEAR_BUILT":1942,"SQUARE_FOOTAGE":83400,"POPULATION_PLAN":400,"POPULATION_ENROLLED_2008":321,"X":403681.18,"Y":135028.21,"ADDRID":294565,"ZIP_CODE":20019}},{"type":"Feature","id":"12","geometry":{"type":"Point","coordinates":[-77.00677823841423,38.91351054530605]},"properties":{"OBJECTID":12,"NAME":"C.H.O.I.C.E. Academy @ Emery","ADDRESS":"1720 1ST STREET NE","FACUSE":"Youth Engagement","LEVEL_":"YE","STATUS":"Active","PHONE":"202-939-4350","UNGRADED":23,"TOTAL_STUD":23,"SSL":" ","GIS_ID":"dcps_924","WEB_URL":"http://dcatlas.dcgis.dc.gov/schoolprofile/schools.aspx","ADDR_ID":294527,"BLDG_NUM":473,"SCH_PROG":"947","CAPITALGAINS":"N","CAPACITY":null,"YEAR_BUILT":null,"SQUARE_FOOTAGE":null,"POPULATION_PLAN":null,"POPULATION_ENROLLED_2008":null,"X":399412.34,"Y":138404.24,"ADDRID":294527,"ZIP_CODE":20002}},{"type":"Feature","id":"13","geometry":{"type":"Point","coordinates":[-76.99318530562586,38.89757245031559]},"properties":{"OBJECTID":13,"NAME":"School-Within-School @ Prospect","ADDRESS":"920 F STREET NE","FACUSE":"Elementary School/Specialized","LEVEL_":"HS","STATUS":"Active","PHONE":"202-673-8275","UNGRADED":null,"TOTAL_STUD":84,"SSL":null,"GIS_ID":"dcps_201","WEB_URL":"http://www.schoolwithinschool.org","ADDR_ID":289072,"BLDG_NUM":null,"SCH_PROG":null,"CAPITALGAINS":"N","CAPACITY":null,"YEAR_BUILT":null,"SQUARE_FOOTAGE":null,"POPULATION_PLAN":null,"POPULATION_ENROLLED_2008":null,"X":400591.35000000003,"Y":136634.98,"ADDRID":289072,"ZIP_CODE":20002}},{"type":"Feature","id":"14","geometry":{"type":"Point","coordinates":[-77.0227972230375,38.97505034301654]},"properties":{"OBJECTID":14,"NAME":"Takoma Education Campus","ADDRESS":"7010 PINEY BRANCH ROAD NW","FACUSE":"Education Campus","LEVEL_":"EC","STATUS":"Active","PHONE":"202-671-6050","UNGRADED":null,"TOTAL_STUD":306,"SSL":" ","GIS_ID":"dcps_3241","WEB_URL":"http://www.takomaecenter.us","ADDR_ID":250934,"BLDG_NUM":3241,"SCH_PROG":"3241","CAPITALGAINS":"Y","CAPACITY":467,"YEAR_BUILT":1976,"SQUARE_FOOTAGE":119000,"POPULATION_PLAN":450,"POPULATION_ENROLLED_2008":296,"X":398024.76,"Y":145235.93,"ADDRID":250934,"ZIP_CODE":20012}},{"type":"Feature","id":"15","geometry":{"type":"Point","coordinates":[-77.00256498544964,38.89853776217709]},"properties":{"OBJECTID":15,"NAME":"Capitol Hill Montessori @ Logan","ADDRESS":"215 G STREET NE","FACUSE":"Elementary School/Specialized","LEVEL_":"ES","STATUS":"Active","PHONE":"202-698-4467","UNGRADED":0,"TOTAL_STUD":211,"SSL":" ","GIS_ID":"dcps_960","WEB_URL":"http://capitolhillmontessorischool.org/","ADDR_ID":286687,"BLDG_NUM":0,"SCH_PROG":"0","CAPITALGAINS":"N","CAPACITY":null,"YEAR_BUILT":null,"SQUARE_FOOTAGE":null,"POPULATION_PLAN":null,"POPULATION_ENROLLED_2008":null,"X":399777.37,"Y":136742.12,"ADDRID":286687,"ZIP_CODE":20002}},{"type":"Feature","id":"16","geometry":{"type":"Point","coordinates":[-77.00589267890359,38.91517035463655]},"properties":{"OBJECTID":16,"NAME":"Langley Elementary School","ADDRESS":"101 T STREET NE","FACUSE":"Elementary School","LEVEL_":"ES","STATUS":"Active","PHONE":"202-576-6034","UNGRADED":null,"TOTAL_STUD":375,"SSL":" ","GIS_ID":"dcps_965","WEB_URL":"http://www.dcps.dc.gov/langley","ADDR_ID":285757,"BLDG_NUM":0,"SCH_PROG":"0","CAPITALGAINS":"N","CAPACITY":null,"YEAR_BUILT":null,"SQUARE_FOOTAGE":null,"POPULATION_PLAN":null,"POPULATION_ENROLLED_2008":null,"X":399489.48,"Y":138589.14,"ADDRID":285757,"ZIP_CODE":20002}},{"type":"Feature","id":"17","geometry":{"type":"Point","coordinates":[-77.02291294981048,38.879878381785296]},"properties":{"OBJECTID":17,"NAME":"Jefferson Middle School Academy","ADDRESS":"801 7TH STREET SW","FACUSE":"Middle School","LEVEL_":"MS","STATUS":"Active","PHONE":"202-729-3270","UNGRADED":null,"TOTAL_STUD":89,"SSL":" ","GIS_ID":"dcps_479","WEB_URL":"http://www.k12.dc.us/schools/Jefferson/","ADDR_ID":276812,"BLDG_NUM":415,"SCH_PROG":"415","CAPITALGAINS":"Y","CAPACITY":900,"YEAR_BUILT":1940,"SQUARE_FOOTAGE":109000,"POPULATION_PLAN":450,"POPULATION_ENROLLED_2008":408,"X":398012.08,"Y":134671.03,"ADDRID":276812,"ZIP_CODE":20024}},{"type":"Feature","id":"18","geometry":{"type":"Point","coordinates":[-77.00488447622702,38.91521788633676]},"properties":{"OBJECTID":18,"NAME":"McKinley Middle School","ADDRESS":"151 T STREET NE","FACUSE":"Middle School","LEVEL_":"MS","STATUS":"Active","PHONE":"202-281-3950","UNGRADED":0,"TOTAL_STUD":670,"SSL":" ","GIS_ID":"dcps_970","WEB_URL":null,"ADDR_ID":296345,"BLDG_NUM":458,"SCH_PROG":"458","CAPITALGAINS":"N","CAPACITY":null,"YEAR_BUILT":null,"SQUARE_FOOTAGE":null,"POPULATION_PLAN":null,"POPULATION_ENROLLED_2008":null,"X":399642.48,"Y":138594.83000000002,"ADDRID":296345,"ZIP_CODE":20002}},{"type":"Feature","id":"19","geometry":{"type":"Point","coordinates":[-77.05720567559382,38.92360328286345]},"properties":{"OBJECTID":19,"NAME":"Oyster-Adams Bilingual School (Oyster)","ADDRESS":"2801 CALVERT STREET NW","FACUSE":"Education Campus","LEVEL_":"EC","STATUS":"Active","PHONE":"202-671-6130","UNGRADED":0,"TOTAL_STUD":355,"SSL":" ","GIS_ID":"dcps_292","WEB_URL":"http://www.oysterbilingualschool.com/","ADDR_ID":275944,"BLDG_NUM":292,"SCH_PROG":"292","CAPITALGAINS":"N","CAPACITY":null,"YEAR_BUILT":null,"SQUARE_FOOTAGE":null,"POPULATION_PLAN":null,"POPULATION_ENROLLED_2008":null,"X":395039.60000000003,"Y":139526.15,"ADDRID":275944,"ZIP_CODE":20008}},{"type":"Feature","id":"2","geometry":{"type":"Point","coordinates":[-77.04437954892535,38.91731699123048]},"properties":{"OBJECTID":2,"NAME":"Oyster-Adams Bilingual School (Adams)","ADDRESS":"2020 19TH STREET NW","FACUSE":"Education Campus","LEVEL_":"EC","STATUS":"Active","PHONE":"202-673-7311","UNGRADED":0,"TOTAL_STUD":321,"SSL":" ","GIS_ID":"dcps_949","WEB_URL":"http://www.oysterbilingualschool.com/","ADDR_ID":294534,"BLDG_NUM":292,"SCH_PROG":"292","CAPITALGAINS":"N","CAPACITY":null,"YEAR_BUILT":null,"SQUARE_FOOTAGE":null,"POPULATION_PLAN":null,"POPULATION_ENROLLED_2008":null,"X":396151.48,"Y":138827.7,"ADDRID":294534,"ZIP_CODE":20009}},{"type":"Feature","id":"20","geometry":{"type":"Point","coordinates":[-76.9324573270076,38.893322820182355]},"properties":{"OBJECTID":20,"NAME":"Kelly Miller Middle School","ADDRESS":"301 49TH STREET NE","FACUSE":"Middle School","LEVEL_":"MS","STATUS":"Active","PHONE":"202-388-6870","UNGRADED":null,"TOTAL_STUD":328,"SSL":" ","GIS_ID":"dcps_421","WEB_URL":"http://www.kellymillerms.com","ADDR_ID":294476,"BLDG_NUM":421,"SCH_PROG":"421","CAPITALGAINS":"Y","CAPACITY":null,"YEAR_BUILT":null,"SQUARE_FOOTAGE":null,"POPULATION_PLAN":null,"POPULATION_ENROLLED_2008":null,"X":405859.65,"Y":136165.39,"ADDRID":294476,"ZIP_CODE":20019}},{"type":"Feature","id":"21","geometry":{"type":"Point","coordinates":[-77.02118795873137,38.93442155569933]},"properties":{"OBJECTID":21,"NAME":"Bruce-Monroe Elementary School @ Park View","ADDRESS":"3560 WARDER STREET NW","FACUSE":"Elementary School","LEVEL_":"ES","STATUS":"Active","PHONE":"202-576-6222","UNGRADED":0,"TOTAL_STUD":459,"SSL":" ","GIS_ID":"dcps_296","WEB_URL":"http://dcatlas.dcgis.dc.gov/schoolprofile/schools.aspx","ADDR_ID":294583,"BLDG_NUM":296,"SCH_PROG":"296","CAPITALGAINS":"N","CAPACITY":null,"YEAR_BUILT":1916,"SQUARE_FOOTAGE":82200,"POPULATION_PLAN":null,"POPULATION_ENROLLED_2008":null,"X":398163.16000000003,"Y":140725.73,"ADDRID":294583,"ZIP_CODE":20010}},{"type":"Feature","id":"22","geometry":{"type":"Point","coordinates":[-76.98419719147367,38.88514009935415]},"properties":{"OBJECTID":22,"NAME":"Payne Elementary School","ADDRESS":"305 15TH STREET SE","FACUSE":"Elementary School","LEVEL_":"ES","STATUS":"Active","PHONE":"202-698-3262","UNGRADED":null,"TOTAL_STUD":236,"SSL":" ","GIS_ID":"dcps_295","WEB_URL":"http://dcatlas.dcgis.dc.gov/schoolprofile/schools.aspx","ADDR_ID":294478,"BLDG_NUM":295,"SCH_PROG":"295","CAPITALGAINS":"N","CAPACITY":438,"YEAR_BUILT":1953,"SQUARE_FOOTAGE":null,"POPULATION_PLAN":null,"POPULATION_ENROLLED_2008":null,"X":401371.28,"Y":135254.99,"ADDRID":294478,"ZIP_CODE":20003}},{"type":"Feature","id":"23","geometry":{"type":"Point","coordinates":[-77.029445592325,38.929206028480316]},"properties":{"OBJECTID":23,"NAME":"Tubman Elementary School","ADDRESS":"3101 13TH STREET NW","FACUSE":"Elementary School","LEVEL_":"ES","STATUS":"Active","PHONE":"202-673-7285","UNGRADED":null,"TOTAL_STUD":489,"SSL":" ","GIS_ID":"dcps_328","WEB_URL":"http://dcatlas.dcgis.dc.gov/schoolprofile/schools.aspx","ADDR_ID":294555,"BLDG_NUM":328,"SCH_PROG":"328","CAPITALGAINS":"N","CAPACITY":607,"YEAR_BUILT":1970,"SQUARE_FOOTAGE":66600,"POPULATION_PLAN":450,"POPULATION_ENROLLED_2008":405,"X":397447.02,"Y":140146.96,"ADDRID":294555,"ZIP_CODE":20010}},{"type":"Feature","id":"24","geometry":{"type":"Point","coordinates":[-77.03586060596103,38.92955222717706]},"properties":{"OBJECTID":24,"NAME":"Columbia Heights Education Campus","ADDRESS":"3101 16TH STREET NW","FACUSE":"Middle School/High School//Specialized","LEVEL_":"HS","STATUS":"Active","PHONE":"202-939-7700","UNGRADED":0,"TOTAL_STUD":429,"SSL":" ","GIS_ID":"dcps_475","WEB_URL":"http://www.checdc.org","ADDR_ID":234375,"BLDG_NUM":475,"SCH_PROG":"475","CAPITALGAINS":"N","CAPACITY":null,"YEAR_BUILT":null,"SQUARE_FOOTAGE":null,"POPULATION_PLAN":null,"POPULATION_ENROLLED_2008":null,"X":396890.8,"Y":140185.59,"ADDRID":234375,"ZIP_CODE":20010}},{"type":"Feature","id":"25","geometry":{"type":"Point","coordinates":[-76.99824127024489,38.842450628512154]},"properties":{"OBJECTID":25,"NAME":"King Elementary School","ADDRESS":"3200 6TH STREET SE","FACUSE":"Elementary School","LEVEL_":"ES","STATUS":"Active","PHONE":"202-939-4900","UNGRADED":null,"TOTAL_STUD":345,"SSL":" ","GIS_ID":"dcps_344","WEB_URL":"http://www.dcps.dc.gov/DCPS/king","ADDR_ID":294557,"BLDG_NUM":344,"SCH_PROG":"344","CAPITALGAINS":"N","CAPACITY":525,"YEAR_BUILT":1971,"SQUARE_FOOTAGE":65500,"POPULATION_PLAN":400,"POPULATION_ENROLLED_2008":368,"X":400152.88,"Y":130516.03,"ADDRID":294557,"ZIP_CODE":20032}},{"type":"Feature","id":"26","geometry":{"type":"Point","coordinates":[-77.06454012273305,38.90802702095418]},"properties":{"OBJECTID":26,"NAME":"Hyde-Addison Elementary School","ADDRESS":"3219 O STREET NW","FACUSE":"Elementary School","LEVEL_":"ES","STATUS":"Active","PHONE":"202-282-0170","UNGRADED":0,"TOTAL_STUD":308,"SSL":" ","GIS_ID":"dcps_252","WEB_URL":"http://www.hydeelementary.org/","ADDR_ID":294558,"BLDG_NUM":252,"SCH_PROG":"252","CAPITALGAINS":"N","CAPACITY":173,"YEAR_BUILT":1907,"SQUARE_FOOTAGE":20000,"POPULATION_PLAN":325,"POPULATION_ENROLLED_2008":181,"X":394402.37,"Y":137797.48,"ADDRID":294558,"ZIP_CODE":20007}},{"type":"Feature","id":"27","geometry":{"type":"Point","coordinates":[-76.98031219898876,38.84764272023847]},"properties":{"OBJECTID":27,"NAME":"Turner Elementary School","ADDRESS":"3264 STANTON ROAD SE","FACUSE":"Elementary School","LEVEL_":"ES","STATUS":"Active","PHONE":"202-645-3470","UNGRADED":0,"TOTAL_STUD":305,"SSL":" ","GIS_ID":"dcps_329","WEB_URL":"http://www.dcps.dc.gov/DCPS/turneratgreen","ADDR_ID":294561,"BLDG_NUM":329,"SCH_PROG":"329","CAPITALGAINS":"N","CAPACITY":null,"YEAR_BUILT":1965,"SQUARE_FOOTAGE":77700,"POPULATION_PLAN":null,"POPULATION_ENROLLED_2008":null,"X":401708.96,"Y":131092.7,"ADDRID":294561,"ZIP_CODE":20032}},{"type":"Feature","id":"28","geometry":{"type":"Point","coordinates":[-76.98340085175874,38.84165283786912]},"properties":{"OBJECTID":28,"NAME":"Malcolm X Elementary School","ADDRESS":"1500 MISSISSIPPI AVENUE SE","FACUSE":"Elementary School","LEVEL_":"ES","STATUS":"Active","PHONE":"202-645-3409","UNGRADED":null,"TOTAL_STUD":261,"SSL":" ","GIS_ID":"dcps_308","WEB_URL":"http://dcatlas.dcgis.dc.gov/schoolprofile/schools.aspx","ADDR_ID":294523,"BLDG_NUM":308,"SCH_PROG":"308","CAPITALGAINS":"N","CAPACITY":571,"YEAR_BUILT":1973,"SQUARE_FOOTAGE":110800,"POPULATION_PLAN":400,"POPULATION_ENROLLED_2008":319,"X":401441.25,"Y":130427.6,"ADDRID":294523,"ZIP_CODE":20032}},{"type":"Feature","id":"29","geometry":{"type":"Point","coordinates":[-76.97638119145078,38.88343835761334]},"properties":{"OBJECTID":29,"NAME":"Incarcerated Youth Program Correctional Detention Facility","ADDRESS":"1901 D STREET SE","FACUSE":"Youth Engagement","LEVEL_":"YE","STATUS":"Active","PHONE":"202-698-5978","UNGRADED":60,"TOTAL_STUD":60,"SSL":null,"GIS_ID":"dcps_947","WEB_URL":"http://dcatlas.dcgis.dc.gov/schoolprofile/schools.aspx","ADDR_ID":295133,"BLDG_NUM":0,"SCH_PROG":" ","CAPITALGAINS":"N","CAPACITY":null,"YEAR_BUILT":null,"SQUARE_FOOTAGE":null,"POPULATION_PLAN":null,"POPULATION_ENROLLED_2008":null,"X":402049.46,"Y":135066.23,"ADDRID":295133,"ZIP_CODE":20003}},{"type":"Feature","id":"3","geometry":{"type":"Point","coordinates":[-76.97189990584583,38.901999477082846]},"properties":{"OBJECTID":3,"NAME":"Phelps Architecture, Construction, and Engineering High School","ADDRESS":"704 26TH STREET NE","FACUSE":"High School/Specialized","LEVEL_":"HS","STATUS":"Active","PHONE":"202-729-4360","UNGRADED":null,"TOTAL_STUD":329,"SSL":" ","GIS_ID":"dcps_478","WEB_URL":"http://dcatlas.dcgis.dc.gov/schoolprofile/schools.aspx","ADDR_ID":294495,"BLDG_NUM":0,"SCH_PROG":" ","CAPITALGAINS":"N","CAPACITY":null,"YEAR_BUILT":1912,"SQUARE_FOOTAGE":205776,"POPULATION_PLAN":600,"POPULATION_ENROLLED_2008":null,"X":402437.64,"Y":137126.77,"ADDRID":294495,"ZIP_CODE":20002}},{"type":"Feature","id":"30","geometry":{"type":"Point","coordinates":[-76.92611775902036,38.883606284602386]},"properties":{"OBJECTID":30,"NAME":"C.W. Harris Elementary School","ADDRESS":"301 53RD STREET SE","FACUSE":"Elementary School","LEVEL_":"ES","STATUS":"Active","PHONE":"202-645-3188","UNGRADED":null,"TOTAL_STUD":224,"SSL":" ","GIS_ID":"dcps_247","WEB_URL":"http://dcatlas.dcgis.dc.gov/schoolprofile/schools.aspx","ADDR_ID":289801,"BLDG_NUM":247,"SCH_PROG":"247","CAPITALGAINS":"N","CAPACITY":461,"YEAR_BUILT":1964,"SQUARE_FOOTAGE":56000,"POPULATION_PLAN":325,"POPULATION_ENROLLED_2008":312,"X":406410.5,"Y":135087.2,"ADDRID":289801,"ZIP_CODE":20019}},{"type":"Feature","id":"31","geometry":{"type":"Point","coordinates":[-76.99988483141722,38.95997960935011]},"properties":{"OBJECTID":31,"NAME":"LaSalle-Backus Education Campus","ADDRESS":"501 RIGGS ROAD NE","FACUSE":"Education Campus","LEVEL_":"EC","STATUS":"Active","PHONE":"202-671-6340","UNGRADED":0,"TOTAL_STUD":290,"SSL":" ","GIS_ID":"dcps_264","WEB_URL":"http://dcps.dc.gov/DCPS/lasalle-backus","ADDR_ID":294489,"BLDG_NUM":264,"SCH_PROG":"264","CAPITALGAINS":"N","CAPACITY":406,"YEAR_BUILT":1957,"SQUARE_FOOTAGE":63000,"POPULATION_PLAN":425,"POPULATION_ENROLLED_2008":272,"X":400010.18,"Y":143562.69,"ADDRID":294489,"ZIP_CODE":20011}},{"type":"Feature","id":"32","geometry":{"type":"Point","coordinates":[-77.019580544517,38.96729201558408]},"properties":{"OBJECTID":32,"NAME":"Coolidge High School","ADDRESS":"6315 5TH STREET NW","FACUSE":"High School","LEVEL_":"SHS","STATUS":"Active","PHONE":"202-671-6080","UNGRADED":null,"TOTAL_STUD":547,"SSL":" ","GIS_ID":"dcps_455","WEB_URL":"http://dcatlas.dcgis.dc.gov/schoolprofile/schools.aspx","ADDR_ID":294615,"BLDG_NUM":455,"SCH_PROG":"455","CAPITALGAINS":"N","CAPACITY":1240,"YEAR_BUILT":1940,"SQUARE_FOOTAGE":271300,"POPULATION_PLAN":1100,"POPULATION_ENROLLED_2008":710,"X":398303.3,"Y":144374.62,"ADDRID":294615,"ZIP_CODE":20012}},{"type":"Feature","id":"33","geometry":{"type":"Point","coordinates":[-76.98499791719597,38.94201993131289]},"properties":{"OBJECTID":33,"NAME":"Brookland Education Campus @ Bunker Hill","ADDRESS":"1401 MICHIGAN AVENUE NE","FACUSE":"Education Campus","LEVEL_":"EC","STATUS":"Active","PHONE":"202-576-6095","UNGRADED":null,"TOTAL_STUD":304,"SSL":" ","GIS_ID":"dcps_346","WEB_URL":"http://dcatlas.dcgis.dc.gov/schoolprofile/schools.aspx","ADDR_ID":286131,"BLDG_NUM":346,"SCH_PROG":"346","CAPITALGAINS":"N","CAPACITY":null,"YEAR_BUILT":null,"SQUARE_FOOTAGE":null,"POPULATION_PLAN":null,"POPULATION_ENROLLED_2008":null,"X":401300.77,"Y":141569.11000000002,"ADDRID":286131,"ZIP_CODE":20017}},{"type":"Feature","id":"34","geometry":{"type":"Point","coordinates":[-77.02843232519746,38.90350379119716]},"properties":{"OBJECTID":34,"NAME":"Thomson Elementary School","ADDRESS":"1200 L STREET NW","FACUSE":"Elementary School","LEVEL_":"ES","STATUS":"Active","PHONE":"202-898-4660","UNGRADED":null,"TOTAL_STUD":327,"SSL":" ","GIS_ID":"dcps_326","WEB_URL":"http://thomsonelementary.org/","ADDR_ID":240922,"BLDG_NUM":326,"SCH_PROG":"326","CAPITALGAINS":"N","CAPACITY":null,"YEAR_BUILT":null,"SQUARE_FOOTAGE":null,"POPULATION_PLAN":null,"POPULATION_ENROLLED_2008":null,"X":397533.99,"Y":137293.77,"ADDRID":240922,"ZIP_CODE":20005}},{"type":"Feature","id":"35","geometry":{"type":"Point","coordinates":[-76.98865978038536,38.89219264672113]},"properties":{"OBJECTID":35,"NAME":"Maury Elementary School","ADDRESS":"1250 CONSTITUTION AVENUE NE","FACUSE":"Elementary School","LEVEL_":"ES","STATUS":"Active","PHONE":"202-698-3838","UNGRADED":null,"TOTAL_STUD":292,"SSL":" ","GIS_ID":"dcps_274","WEB_URL":"http://www.mauryelementary.com","ADDR_ID":294511,"BLDG_NUM":274,"SCH_PROG":"274","CAPITALGAINS":"N","CAPACITY":276,"YEAR_BUILT":1886,"SQUARE_FOOTAGE":46800,"POPULATION_PLAN":325,"POPULATION_ENROLLED_2008":225,"X":400984,"Y":136037.82,"ADDRID":294511,"ZIP_CODE":20002}},{"type":"Feature","id":"36","geometry":{"type":"Point","coordinates":[-77.02847308800547,38.92217999002619]},"properties":{"OBJECTID":36,"NAME":"Cardozo Education Campus","ADDRESS":"1200 CLIFTON STREET NW","FACUSE":"Middle School/High School","LEVEL_":"EC","STATUS":"Active","PHONE":"202-673-7385","UNGRADED":null,"TOTAL_STUD":477,"SSL":" ","GIS_ID":"dcps_454","WEB_URL":"http://www.cardozoshs.com","ADDR_ID":294513,"BLDG_NUM":454,"SCH_PROG":"454","CAPITALGAINS":"N","CAPACITY":1565,"YEAR_BUILT":1926,"SQUARE_FOOTAGE":355400,"POPULATION_PLAN":1100,"POPULATION_ENROLLED_2008":1267,"X":397531.11,"Y":139367.02,"ADDRID":294513,"ZIP_CODE":20009}},{"type":"Feature","id":"37","geometry":{"type":"Point","coordinates":[-77.03069114301844,38.96054319118933]},"properties":{"OBJECTID":37,"NAME":"Brightwood Education Campus","ADDRESS":"1300 NICHOLSON STREET NW","FACUSE":"Education Campus","LEVEL_":"EC","STATUS":"Active","PHONE":"202-722-5670","UNGRADED":null,"TOTAL_STUD":549,"SSL":" ","GIS_ID":"dcps_213","WEB_URL":"http://www.brightwooddc.org","ADDR_ID":294515,"BLDG_NUM":213,"SCH_PROG":"213","CAPITALGAINS":"Y","CAPACITY":null,"YEAR_BUILT":null,"SQUARE_FOOTAGE":null,"POPULATION_PLAN":null,"POPULATION_ENROLLED_2008":null,"X":397340.19,"Y":143625.7,"ADDRID":294515,"ZIP_CODE":20011}},{"type":"Feature","id":"38","geometry":{"type":"Point","coordinates":[-76.98858811908718,38.912147050914335]},"properties":{"OBJECTID":38,"NAME":"Youth Services Center","ADDRESS":"1000 MOUNT OLIVET ROAD NE","FACUSE":"Youth Engagement","LEVEL_":"YE","STATUS":"Active","PHONE":"202-576-8388","UNGRADED":67,"TOTAL_STUD":67,"SSL":" ","GIS_ID":"dcps_948","WEB_URL":"http://dcatlas.dcgis.dc.gov/schoolprofile/schools.aspx","ADDR_ID":290013,"BLDG_NUM":0,"SCH_PROG":" ","CAPITALGAINS":"N","CAPACITY":90,"YEAR_BUILT":2004,"SQUARE_FOOTAGE":null,"POPULATION_PLAN":null,"POPULATION_ENROLLED_2008":null,"X":400989.94,"Y":138252.92,"ADDRID":290013,"ZIP_CODE":20002}},{"type":"Feature","id":"39","geometry":{"type":"Point","coordinates":[-77.07195752763505,38.9407301065553]},"properties":{"OBJECTID":39,"NAME":"Hearst Elementary School","ADDRESS":"3950 37TH STREET NW","FACUSE":"Elementary School","LEVEL_":"ES","STATUS":"Active","PHONE":"202-282-0106","UNGRADED":null,"TOTAL_STUD":257,"SSL":" ","GIS_ID":"dcps_258","WEB_URL":"http://www.hearstdc.org/","ADDR_ID":294586,"BLDG_NUM":258,"SCH_PROG":"258","CAPITALGAINS":"N","CAPACITY":181,"YEAR_BUILT":1932,"SQUARE_FOOTAGE":17400,"POPULATION_PLAN":325,"POPULATION_ENROLLED_2008":161,"X":393761.89,"Y":141428.28,"ADDRID":294586,"ZIP_CODE":20008}},{"type":"Feature","id":"4","geometry":{"type":"Point","coordinates":[-77.0155869551042,38.92043757497863]},"properties":{"OBJECTID":4,"NAME":"Washington Metropolitan High School","ADDRESS":"300 BRYANT STREET NW","FACUSE":"High School/Specialized","LEVEL_":"HS","STATUS":"Active","PHONE":"202-671-1788","UNGRADED":null,"TOTAL_STUD":253,"SSL":" ","GIS_ID":"dcps_474","WEB_URL":"http://dcatlas.dcgis.dc.gov/schoolprofile/schools.aspx","ADDR_ID":294475,"BLDG_NUM":0,"SCH_PROG":" ","CAPITALGAINS":"N","CAPACITY":null,"YEAR_BUILT":null,"SQUARE_FOOTAGE":null,"POPULATION_PLAN":null,"POPULATION_ENROLLED_2008":null,"X":398648.513,"Y":139173.29,"ADDRID":294475,"ZIP_CODE":20001}},{"type":"Feature","id":"40","geometry":{"type":"Point","coordinates":[-77.07777751144927,38.950163603706905]},"properties":{"OBJECTID":40,"NAME":"Wilson High School","ADDRESS":"3950 CHESAPEAKE STREET NW","FACUSE":"High School","LEVEL_":"SHS","STATUS":"Active","PHONE":"202-282-0120","UNGRADED":4,"TOTAL_STUD":1633,"SSL":null,"GIS_ID":"dcps_463","WEB_URL":"http://www.wilsonhs.org/web/","ADDR_ID":294587,"BLDG_NUM":463,"SCH_PROG":"463","CAPITALGAINS":"N","CAPACITY":1485,"YEAR_BUILT":1935,"SQUARE_FOOTAGE":271300,"POPULATION_PLAN":1600,"POPULATION_ENROLLED_2008":1557,"X":393258.18,"Y":142475.96,"ADDRID":294587,"ZIP_CODE":20016}},{"type":"Feature","id":"41","geometry":{"type":"Point","coordinates":[-77.07907610579473,38.92305210258978]},"properties":{"OBJECTID":41,"NAME":"Stoddert Elementary School","ADDRESS":"4001 CALVERT STREET NW","FACUSE":"Elementary School","LEVEL_":"ES","STATUS":"Active","PHONE":"202-671-6030","UNGRADED":null,"TOTAL_STUD":347,"SSL":" ","GIS_ID":"dcps_321","WEB_URL":"http://www.stoddert.org","ADDR_ID":224730,"BLDG_NUM":321,"SCH_PROG":"321","CAPITALGAINS":"N","CAPACITY":213,"YEAR_BUILT":1932,"SQUARE_FOOTAGE":17400,"POPULATION_PLAN":325,"POPULATION_ENROLLED_2008":260,"X":393143.05,"Y":139466.38,"ADDRID":224730,"ZIP_CODE":20007}},{"type":"Feature","id":"42","geometry":{"type":"Point","coordinates":[-77.01812758723682,38.87952285065163]},"properties":{"OBJECTID":42,"NAME":"Amidon-Bowen Elementary School","ADDRESS":"401 I STREET SW","FACUSE":"Elementary School","LEVEL_":"ES","STATUS":"Active","PHONE":"202-724-4867","UNGRADED":0,"TOTAL_STUD":254,"SSL":" ","GIS_ID":"dcps_203","WEB_URL":"http://dcatlas.dcgis.dc.gov/schoolprofile/schools.aspx","ADDR_ID":294482,"BLDG_NUM":203,"SCH_PROG":"203","CAPITALGAINS":"N","CAPACITY":438,"YEAR_BUILT":1960,"SQUARE_FOOTAGE":70800,"POPULATION_PLAN":400,"POPULATION_ENROLLED_2008":227,"X":398427.29000000004,"Y":134631.47,"ADDRID":294482,"ZIP_CODE":20024}},{"type":"Feature","id":"43","geometry":{"type":"Point","coordinates":[-77.00019727700331,38.83598797717475]},"properties":{"OBJECTID":43,"NAME":"Simon Elementary School","ADDRESS":"401 MISSISSIPPI AVENUE SE","FACUSE":"Elementary School","LEVEL_":"ES","STATUS":"Active","PHONE":"202-645-3360","UNGRADED":null,"TOTAL_STUD":252,"SSL":" ","GIS_ID":"dcps_315","WEB_URL":"http://dcatlas.dcgis.dc.gov/schoolprofile/schools.aspx","ADDR_ID":294481,"BLDG_NUM":315,"SCH_PROG":"315","CAPITALGAINS":"N","CAPACITY":549,"YEAR_BUILT":1950,"SQUARE_FOOTAGE":66200,"POPULATION_PLAN":325,"POPULATION_ENROLLED_2008":259,"X":399983.07,"Y":129798.63,"ADDRID":294481,"ZIP_CODE":20032}},{"type":"Feature","id":"44","geometry":{"type":"Point","coordinates":[-77.00000666379914,38.89630515733755]},"properties":{"OBJECTID":44,"NAME":"Stuart-Hobson Middle School","ADDRESS":"410 E STREET NE","FACUSE":"Middle School","LEVEL_":"MS","STATUS":"Active","PHONE":"202-671-6010","UNGRADED":null,"TOTAL_STUD":403,"SSL":" ","GIS_ID":"dcps_428","WEB_URL":"http://www.capitolhillclusterschool.org/","ADDR_ID":294483,"BLDG_NUM":428,"SCH_PROG":"428","CAPITALGAINS":"Y","CAPACITY":460,"YEAR_BUILT":1927,"SQUARE_FOOTAGE":105900,"POPULATION_PLAN":450,"POPULATION_ENROLLED_2008":393,"X":399999.62,"Y":136494.28,"ADDRID":294483,"ZIP_CODE":20002}},{"type":"Feature","id":"45","geometry":{"type":"Point","coordinates":[-77.08099713716989,38.94755788089556]},"properties":{"OBJECTID":45,"NAME":"Janney Elementary School","ADDRESS":"4130 ALBEMARLE STREET NW","FACUSE":"Elementary School","LEVEL_":"ES","STATUS":"Active","PHONE":"202-282-0110","UNGRADED":null,"TOTAL_STUD":548,"SSL":" ","GIS_ID":"dcps_254","WEB_URL":"http://www.janneyschool.org/","ADDR_ID":285713,"BLDG_NUM":254,"SCH_PROG":"254","CAPITALGAINS":"N","CAPACITY":364,"YEAR_BUILT":1925,"SQUARE_FOOTAGE":98200,"POPULATION_PLAN":550,"POPULATION_ENROLLED_2008":484,"X":392978.88,"Y":142186.88,"ADDRID":285713,"ZIP_CODE":20016}},{"type":"Feature","id":"46","geometry":{"type":"Point","coordinates":[-76.98999904872527,38.8834744591022]},"properties":{"OBJECTID":46,"NAME":"Watkins Elementary School","ADDRESS":"420 12TH STREET SE","FACUSE":"Elementary School","LEVEL_":"ES","STATUS":"Active","PHONE":"202-698-3355","UNGRADED":null,"TOTAL_STUD":521,"SSL":" ","GIS_ID":"dcps_333","WEB_URL":"http://www.capitolhillclusterschool.org/","ADDR_ID":294486,"BLDG_NUM":333,"SCH_PROG":"333","CAPITALGAINS":"N","CAPACITY":578,"YEAR_BUILT":1962,"SQUARE_FOOTAGE":69300,"POPULATION_PLAN":550,"POPULATION_ENROLLED_2008":538,"X":400867.92,"Y":135070.02,"ADDRID":294486,"ZIP_CODE":20003}},{"type":"Feature","id":"47","geometry":{"type":"Point","coordinates":[-77.01289419627216,38.82820422258409]},"properties":{"OBJECTID":47,"NAME":"Leckie Elementary School","ADDRESS":"4201 MARTIN LUTHER KING JR AVENUE SW","FACUSE":"Elementary School","LEVEL_":"ES","STATUS":"Active","PHONE":"202-645-3330","UNGRADED":null,"TOTAL_STUD":361,"SSL":" ","GIS_ID":"dcps_266","WEB_URL":"http://dcatlas.dcgis.dc.gov/schoolprofile/schools.aspx","ADDR_ID":294592,"BLDG_NUM":266,"SCH_PROG":"266","CAPITALGAINS":"N","CAPACITY":471,"YEAR_BUILT":1970,"SQUARE_FOOTAGE":65000,"POPULATION_PLAN":400,"POPULATION_ENROLLED_2008":302,"X":398880.58,"Y":128934.66,"ADDRID":294592,"ZIP_CODE":20032}},{"type":"Feature","id":"48","geometry":{"type":"Point","coordinates":[-76.9684924980307,38.859279554952096]},"properties":{"OBJECTID":48,"NAME":"Stanton Elementary School","ADDRESS":"2701 NAYLOR ROAD SE","FACUSE":"Elementary School","LEVEL_":"ES","STATUS":"Active","PHONE":"202-671-6180","UNGRADED":null,"TOTAL_STUD":355,"SSL":" ","GIS_ID":"dcps_319","WEB_URL":"http://dcatlas.dcgis.dc.gov/schoolprofile/schools.aspx","ADDR_ID":294547,"BLDG_NUM":319,"SCH_PROG":"319","CAPITALGAINS":"N","CAPACITY":547,"YEAR_BUILT":1944,"SQUARE_FOOTAGE":83800,"POPULATION_PLAN":400,"POPULATION_ENROLLED_2008":379,"X":402734.84,"Y":132384.63,"ADDRID":294547,"ZIP_CODE":20020}},{"type":"Feature","id":"49","geometry":{"type":"Point","coordinates":[-76.99649477618172,38.898751596381906]},"properties":{"OBJECTID":49,"NAME":"Ludlow-Taylor Elementary School","ADDRESS":"659 G STREET NE","FACUSE":"Elementary School","LEVEL_":"ES","STATUS":"Active","PHONE":"202-698-3244","UNGRADED":0,"TOTAL_STUD":258,"SSL":" ","GIS_ID":"dcps_271","WEB_URL":"http://www.ludlowtaylor.org","ADDR_ID":294494,"BLDG_NUM":271,"SCH_PROG":"271","CAPITALGAINS":"N","CAPACITY":null,"YEAR_BUILT":null,"SQUARE_FOOTAGE":null,"POPULATION_PLAN":null,"POPULATION_ENROLLED_2008":null,"X":400304.26,"Y":136765.86000000002,"ADDRID":294494,"ZIP_CODE":20002}},{"type":"Feature","id":"5","geometry":{"type":"Point","coordinates":[-77.02643495398235,38.935818665270325]},"properties":{"OBJECTID":5,"NAME":"Fillmore Arts Center (East)","ADDRESS":"915 SPRING ROAD NW","FACUSE":"Arts Center","LEVEL_":"AC","STATUS":"Active","PHONE":"202-576-9709","UNGRADED":0,"TOTAL_STUD":0,"SSL":" ","GIS_ID":"dcps_922","WEB_URL":"http://www.fillmoreartscenter.org/","ADDR_ID":226682,"BLDG_NUM":0,"SCH_PROG":"0","CAPITALGAINS":"N","CAPACITY":null,"YEAR_BUILT":null,"SQUARE_FOOTAGE":null,"POPULATION_PLAN":null,"POPULATION_ENROLLED_2008":null,"X":397708.28,"Y":140880.94,"ADDRID":226682,"ZIP_CODE":20010}},{"type":"Feature","id":"50","geometry":{"type":"Point","coordinates":[-76.99659130436592,38.902765453788696]},"properties":{"OBJECTID":50,"NAME":"J.O. Wilson Elementary School","ADDRESS":"660 K STREET NE","FACUSE":"Elementary School","LEVEL_":"ES","STATUS":"Active","PHONE":"202-698-4733","UNGRADED":0,"TOTAL_STUD":382,"SSL":" ","GIS_ID":"dcps_339","WEB_URL":"http://www.dcps.dc.gov/jowilson","ADDR_ID":288841,"BLDG_NUM":339,"SCH_PROG":"339","CAPITALGAINS":"N","CAPACITY":412,"YEAR_BUILT":1961,"SQUARE_FOOTAGE":98900,"POPULATION_PLAN":400,"POPULATION_ENROLLED_2008":360,"X":400295.87,"Y":137211.43,"ADDRID":288841,"ZIP_CODE":20002}},{"type":"Feature","id":"51","geometry":{"type":"Point","coordinates":[-77.03399752739988,38.98461075308425]},"properties":{"OBJECTID":51,"NAME":"Shepherd Elementary School","ADDRESS":"7800 14TH STREET NW","FACUSE":"Elementary School","LEVEL_":"ES","STATUS":"Active","PHONE":"202-576-6140","UNGRADED":null,"TOTAL_STUD":331,"SSL":" ","GIS_ID":"dcps_313","WEB_URL":"http://www.shepherd-elementary.org","ADDR_ID":256319,"BLDG_NUM":313,"SCH_PROG":"313","CAPITALGAINS":"N","CAPACITY":332,"YEAR_BUILT":1932,"SQUARE_FOOTAGE":79700,"POPULATION_PLAN":400,"POPULATION_ENROLLED_2008":312,"X":397054.62,"Y":146297.53,"ADDRID":256319,"ZIP_CODE":20012}},{"type":"Feature","id":"52","geometry":{"type":"Point","coordinates":[-77.03225535232298,38.95137487737547]},"properties":{"OBJECTID":52,"NAME":"West Education Campus","ADDRESS":"1338 FARRAGUT STREET NW","FACUSE":"Education Campus","LEVEL_":"EC","STATUS":"Active","PHONE":"202-576-6226","UNGRADED":null,"TOTAL_STUD":244,"SSL":" ","GIS_ID":"dcps_336","WEB_URL":"http://www.westschool.org/","ADDR_ID":294517,"BLDG_NUM":336,"SCH_PROG":"336","CAPITALGAINS":"N","CAPACITY":281,"YEAR_BUILT":1978,"SQUARE_FOOTAGE":69600,"POPULATION_PLAN":450,"POPULATION_ENROLLED_2008":190,"X":397204.26,"Y":142607.98,"ADDRID":294517,"ZIP_CODE":20011}},{"type":"Feature","id":"53","geometry":{"type":"Point","coordinates":[-77.03122971732124,38.94154180435055]},"properties":{"OBJECTID":53,"NAME":"Powell Elementary School","ADDRESS":"1350 UPSHUR STREET NW","FACUSE":"Elementary School","LEVEL_":"ES","STATUS":"Active","PHONE":"202-671-6270","UNGRADED":null,"TOTAL_STUD":310,"SSL":" ","GIS_ID":"dcps_300","WEB_URL":"http://www.dcps.dc.gov/DCPS/powell","ADDR_ID":255302,"BLDG_NUM":300,"SCH_PROG":"300","CAPITALGAINS":"N","CAPACITY":304,"YEAR_BUILT":1925,"SQUARE_FOOTAGE":38500,"POPULATION_PLAN":325,"POPULATION_ENROLLED_2008":258,"X":397292.79000000004,"Y":141516.39,"ADDRID":255302,"ZIP_CODE":20011}},{"type":"Feature","id":"54","geometry":{"type":"Point","coordinates":[-76.97968656994185,38.890410115128155]},"properties":{"OBJECTID":54,"NAME":"Eastern High School","ADDRESS":"1700 EAST CAPITOL STREET NE","FACUSE":"High School","LEVEL_":"SHS","STATUS":"Active","PHONE":"202-698-4500","UNGRADED":null,"TOTAL_STUD":303,"SSL":" ","GIS_ID":"dcps_457","WEB_URL":"http://dcatlas.dcgis.dc.gov/schoolprofile/schools.aspx","ADDR_ID":289529,"BLDG_NUM":457,"SCH_PROG":"457","CAPITALGAINS":"N","CAPACITY":1425,"YEAR_BUILT":1923,"SQUARE_FOOTAGE":288800,"POPULATION_PLAN":6,"POPULATION_ENROLLED_2008":915,"X":401762.5,"Y":135840.08000000002,"ADDRID":289529,"ZIP_CODE":20003}},{"type":"Feature","id":"55","geometry":{"type":"Point","coordinates":[-76.98017358027091,38.87129385290139]},"properties":{"OBJECTID":55,"NAME":"Kramer Middle School","ADDRESS":"1700 Q STREET SE","FACUSE":"Middle School","LEVEL_":"MS","STATUS":"Active","PHONE":"202-939-3150","UNGRADED":null,"TOTAL_STUD":277,"SSL":" ","GIS_ID":"dcps_417","WEB_URL":"http://dcatlas.dcgis.dc.gov/schoolprofile/schools.aspx","ADDR_ID":289467,"BLDG_NUM":417,"SCH_PROG":"417","CAPITALGAINS":"N","CAPACITY":655,"YEAR_BUILT":1943,"SQUARE_FOOTAGE":154000,"POPULATION_PLAN":550,"POPULATION_ENROLLED_2008":340,"X":401720.71,"Y":133718.02,"ADDRID":289467,"ZIP_CODE":20020}},{"type":"Feature","id":"56","geometry":{"type":"Point","coordinates":[-77.03966444134119,38.91239860359402]},"properties":{"OBJECTID":56,"NAME":"Ross Elementary School","ADDRESS":"1730 R STREET NW","FACUSE":"Elementary School","LEVEL_":"ES","STATUS":"Active","PHONE":"202-673-7200","UNGRADED":null,"TOTAL_STUD":157,"SSL":" ","GIS_ID":"dcps_305","WEB_URL":"http://www.rosselementary.org/","ADDR_ID":241714,"BLDG_NUM":305,"SCH_PROG":"305","CAPITALGAINS":"N","CAPACITY":null,"YEAR_BUILT":null,"SQUARE_FOOTAGE":null,"POPULATION_PLAN":null,"POPULATION_ENROLLED_2008":null,"X":396560.15,"Y":138281.53,"ADDRID":241714,"ZIP_CODE":20009}},{"type":"Feature","id":"57","geometry":{"type":"Point","coordinates":[-77.04055574230114,38.93432581619343]},"properties":{"OBJECTID":57,"NAME":"Bancroft Elementary School","ADDRESS":"1755 NEWTON STREET NW","FACUSE":"Elementary School","LEVEL_":"ES","STATUS":"Active","PHONE":"202-673-7280","UNGRADED":null,"TOTAL_STUD":463,"SSL":" ","GIS_ID":"dcps_204","WEB_URL":"http://www.bancroftelementary.org","ADDR_ID":294528,"BLDG_NUM":204,"SCH_PROG":"204","CAPITALGAINS":"N","CAPACITY":527,"YEAR_BUILT":1924,"SQUARE_FOOTAGE":79800,"POPULATION_PLAN":450,"POPULATION_ENROLLED_2008":451,"X":396483.93,"Y":140715.67,"ADDRID":294528,"ZIP_CODE":20010}},{"type":"Feature","id":"58","geometry":{"type":"Point","coordinates":[-77.06861620212666,38.91551648717705]},"properties":{"OBJECTID":58,"NAME":"Hardy Middle School","ADDRESS":"1819 35TH STREET NW","FACUSE":"Middle School","LEVEL_":"MS","STATUS":"Active","PHONE":"202-729-4350","UNGRADED":null,"TOTAL_STUD":412,"SSL":" ","GIS_ID":"dcps_246","WEB_URL":"http://www.hardyms.org","ADDR_ID":274432,"BLDG_NUM":246,"SCH_PROG":"246","CAPITALGAINS":"Y","CAPACITY":null,"YEAR_BUILT":null,"SQUARE_FOOTAGE":null,"POPULATION_PLAN":null,"POPULATION_ENROLLED_2008":null,"X":394049.46,"Y":138629.13,"ADDRID":274432,"ZIP_CODE":20007}},{"type":"Feature","id":"59","geometry":{"type":"Point","coordinates":[-76.97080704835298,38.85174082148898]},"properties":{"OBJECTID":59,"NAME":"Garfield Elementary School","ADDRESS":"2435 ALABAMA AVENUE SE","FACUSE":"Elementary School","LEVEL_":"ES","STATUS":"Active","PHONE":"202-671-6140","UNGRADED":null,"TOTAL_STUD":240,"SSL":" ","GIS_ID":"dcps_238","WEB_URL":"http://www.dcps.dc.gov/garfield","ADDR_ID":278160,"BLDG_NUM":238,"SCH_PROG":"238","CAPITALGAINS":"N","CAPACITY":446,"YEAR_BUILT":1977,"SQUARE_FOOTAGE":58908,"POPULATION_PLAN":400,"POPULATION_ENROLLED_2008":322,"X":402534.22000000003,"Y":131547.71,"ADDRID":278160,"ZIP_CODE":20020}},{"type":"Feature","id":"6","geometry":{"type":"Point","coordinates":[-77.0009775434966,38.83939010653733]},"properties":{"OBJECTID":6,"NAME":"Ballou High School","ADDRESS":"3401 4TH STREET SE","FACUSE":"High School","LEVEL_":"SHS","STATUS":"Active","PHONE":"202-645-3400","UNGRADED":null,"TOTAL_STUD":910,"SSL":" ","GIS_ID":"dcps_452","WEB_URL":"http://dcatlas.dcgis.dc.gov/schoolprofile/schools.aspx","ADDR_ID":294567,"BLDG_NUM":452,"SCH_PROG":"452","CAPITALGAINS":"N","CAPACITY":1565,"YEAR_BUILT":1960,"SQUARE_FOOTAGE":271300,"POPULATION_PLAN":1200,"POPULATION_ENROLLED_2008":1267,"X":399915.33,"Y":130176.29000000001,"ADDRID":294567,"ZIP_CODE":20032}},{"type":"Feature","id":"60","geometry":{"type":"Point","coordinates":[-77.01391814838377,38.90419954573118]},"properties":{"OBJECTID":60,"NAME":"Walker-Jones Education Campus","ADDRESS":"1125 NEW JERSEY AVENUE NW","FACUSE":"Education Campus","LEVEL_":"EC","STATUS":"Active","PHONE":"202-939-5934","UNGRADED":null,"TOTAL_STUD":418,"SSL":" ","GIS_ID":"dcps_332","WEB_URL":"http://dcps.dc.gov/DCPS/walker-jones","ADDR_ID":307735,"BLDG_NUM":332,"SCH_PROG":"332","CAPITALGAINS":"N","CAPACITY":null,"YEAR_BUILT":null,"SQUARE_FOOTAGE":null,"POPULATION_PLAN":null,"POPULATION_ENROLLED_2008":null,"X":398792.97000000003,"Y":137370.7,"ADDRID":307735,"ZIP_CODE":20001}},{"type":"Feature","id":"61","geometry":{"type":"Point","coordinates":[-76.99204394250515,38.88109180742631]},"properties":{"OBJECTID":61,"NAME":"Tyler Elementary School","ADDRESS":"1001 G STREET SE","FACUSE":"Elementary School","LEVEL_":"ES","STATUS":"Active","PHONE":"202-939-4810","UNGRADED":null,"TOTAL_STUD":402,"SSL":" ","GIS_ID":"dcps_330","WEB_URL":"http://www.tylerelementary.net","ADDR_ID":294505,"BLDG_NUM":330,"SCH_PROG":"330","CAPITALGAINS":"N","CAPACITY":452,"YEAR_BUILT":1949,"SQUARE_FOOTAGE":69600,"POPULATION_PLAN":400,"POPULATION_ENROLLED_2008":265,"X":400690.52,"Y":134805.51,"ADDRID":294505,"ZIP_CODE":20003}},{"type":"Feature","id":"62","geometry":{"type":"Point","coordinates":[-77.04818876406597,38.898131572671346]},"properties":{"OBJECTID":62,"NAME":"School Without Walls High School","ADDRESS":"2130 G STREET NW","FACUSE":"High School/Specialized","LEVEL_":"HS","STATUS":"Active","PHONE":"202-645-9690","UNGRADED":19,"TOTAL_STUD":527,"SSL":" ","GIS_ID":"dcps_466","WEB_URL":"http://www.swwhs.org/","ADDR_ID":242528,"BLDG_NUM":466,"SCH_PROG":"466","CAPITALGAINS":"N","CAPACITY":null,"YEAR_BUILT":1935,"SQUARE_FOOTAGE":47200,"POPULATION_PLAN":null,"POPULATION_ENROLLED_2008":null,"X":395820.01,"Y":136698.13,"ADDRID":242528,"ZIP_CODE":20037}},{"type":"Feature","id":"63","geometry":{"type":"Point","coordinates":[-76.9299499086104,38.90542277817764]},"properties":{"OBJECTID":63,"NAME":"Houston Elementary School","ADDRESS":"1100 50TH PLACE NE","FACUSE":"Elementary School","LEVEL_":"ES","STATUS":"Active","PHONE":"202-671-6170","UNGRADED":null,"TOTAL_STUD":223,"SSL":" ","GIS_ID":"dcps_251","WEB_URL":"http://dcatlas.dcgis.dc.gov/schoolprofile/schools.aspx","ADDR_ID":156316,"BLDG_NUM":251,"SCH_PROG":"251","CAPITALGAINS":"N","CAPACITY":507,"YEAR_BUILT":1962,"SQUARE_FOOTAGE":59900,"POPULATION_PLAN":325,"POPULATION_ENROLLED_2008":289,"X":406076.15,"Y":137508.74,"ADDRID":156316,"ZIP_CODE":20019}},{"type":"Feature","id":"64","geometry":{"type":"Point","coordinates":[-77.01777937203113,38.948238410748694]},"properties":{"OBJECTID":64,"NAME":"Barnard Elementary School","ADDRESS":"430 DECATUR STREET NW","FACUSE":"Elementary School","LEVEL_":"ES","STATUS":"Active","PHONE":"202-576-1100","UNGRADED":null,"TOTAL_STUD":482,"SSL":" ","GIS_ID":"dcps_205","WEB_URL":"http://dcatlas.dcgis.dc.gov/schoolprofile/schools.aspx","ADDR_ID":248305,"BLDG_NUM":205,"SCH_PROG":"205","CAPITALGAINS":"N","CAPACITY":387,"YEAR_BUILT":2003,"SQUARE_FOOTAGE":null,"POPULATION_PLAN":null,"POPULATION_ENROLLED_2008":null,"X":398458.99,"Y":142259.46,"ADDRID":248305,"ZIP_CODE":20011}},{"type":"Feature","id":"65","geometry":{"type":"Point","coordinates":[-77.03047062659084,38.943482120059585]},"properties":{"OBJECTID":65,"NAME":"Sharpe Health School","ADDRESS":"4300 13TH STREET NW","FACUSE":"Special Education School","LEVEL_":"SE","STATUS":"Active","PHONE":"202-576-6161","UNGRADED":89,"TOTAL_STUD":89,"SSL":" ","GIS_ID":"dcps_312","WEB_URL":"http://dcatlas.dcgis.dc.gov/schoolprofile/schools.aspx","ADDR_ID":255254,"BLDG_NUM":312,"SCH_PROG":"312","CAPITALGAINS":"N","CAPACITY":250,"YEAR_BUILT":1958,"SQUARE_FOOTAGE":null,"POPULATION_PLAN":null,"POPULATION_ENROLLED_2008":null,"X":397358.67,"Y":141731.76,"ADDRID":255254,"ZIP_CODE":20011}},{"type":"Feature","id":"66","geometry":{"type":"Point","coordinates":[-77.00848699104039,38.82697379912605]},"properties":{"OBJECTID":66,"NAME":"Patterson Elementary School","ADDRESS":"4399 SOUTH CAPITOL TERRACE SW","FACUSE":"Elementary School","LEVEL_":"ES","STATUS":"Active","PHONE":"202-939-5280","UNGRADED":null,"TOTAL_STUD":320,"SSL":" ","GIS_ID":"dcps_294","WEB_URL":"http://dcatlas.dcgis.dc.gov/schoolprofile/schools.aspx","ADDR_ID":301073,"BLDG_NUM":294,"SCH_PROG":"294","CAPITALGAINS":"N","CAPACITY":null,"YEAR_BUILT":2004,"SQUARE_FOOTAGE":78300,"POPULATION_PLAN":368,"POPULATION_ENROLLED_2008":null,"X":399263.25,"Y":128798.03,"ADDRID":301073,"ZIP_CODE":20032}},{"type":"Feature","id":"67","geometry":{"type":"Point","coordinates":[-77.02777863575504,38.943615972158675]},"properties":{"OBJECTID":67,"NAME":"Roosevelt High School","ADDRESS":"4400 IOWA AVENUE NW","FACUSE":"High School","LEVEL_":"SHS","STATUS":"Active","PHONE":"202-576-6130","UNGRADED":null,"TOTAL_STUD":497,"SSL":" ","GIS_ID":"dcps_459","WEB_URL":"http://roosevelt.k12.dc.us/","ADDR_ID":252605,"BLDG_NUM":459,"SCH_PROG":"459","CAPITALGAINS":"N","CAPACITY":1055,"YEAR_BUILT":1932,"SQUARE_FOOTAGE":331900,"POPULATION_PLAN":1100,"POPULATION_ENROLLED_2008":845,"X":397592.04000000004,"Y":141746.55000000002,"ADDRID":294595,"ZIP_CODE":20011}},{"type":"Feature","id":"68","geometry":{"type":"Point","coordinates":[-76.93847090276373,38.89356149009405]},"properties":{"OBJECTID":68,"NAME":"Smothers Elementary School","ADDRESS":"4400 BROOKS STREET NE","FACUSE":"Elementary School","LEVEL_":"ES","STATUS":"Active","PHONE":"202-939-3600","UNGRADED":null,"TOTAL_STUD":242,"SSL":" ","GIS_ID":"dcps_322","WEB_URL":"http://dcatlas.dcgis.dc.gov/schoolprofile/schools.aspx","ADDR_ID":294596,"BLDG_NUM":322,"SCH_PROG":"322","CAPITALGAINS":"N","CAPACITY":332,"YEAR_BUILT":1923,"SQUARE_FOOTAGE":43000,"POPULATION_PLAN":325,"POPULATION_ENROLLED_2008":186,"X":405337.95,"Y":136191.51,"ADDRID":294596,"ZIP_CODE":20019}},{"type":"Feature","id":"69","geometry":{"type":"Point","coordinates":[-77.08782850700713,38.934299762597995]},"properties":{"OBJECTID":69,"NAME":"Mann Elementary School","ADDRESS":"4430 NEWARK STREET NW","FACUSE":"Elementary School","LEVEL_":"ES","STATUS":"Active","PHONE":"202-282-0126","UNGRADED":null,"TOTAL_STUD":290,"SSL":" ","GIS_ID":"dcps_273","WEB_URL":"http://www.horacemanndc.org/","ADDR_ID":294597,"BLDG_NUM":273,"SCH_PROG":"273","CAPITALGAINS":"N","CAPACITY":null,"YEAR_BUILT":null,"SQUARE_FOOTAGE":null,"POPULATION_PLAN":null,"POPULATION_ENROLLED_2008":null,"X":392385.28,"Y":140715.66,"ADDRID":294597,"ZIP_CODE":20016}},{"type":"Feature","id":"7","geometry":{"type":"Point","coordinates":[-76.98294592823262,38.85666496864018]},"properties":{"OBJECTID":7,"NAME":"Moten Elementary School","ADDRESS":"1565 MORRIS ROAD SE","FACUSE":"Elementary School","LEVEL_":"ES","STATUS":"Active","PHONE":"202-698-1111","UNGRADED":0,"TOTAL_STUD":315,"SSL":" ","GIS_ID":"dcps_920","WEB_URL":"http://dcatlas.dcgis.dc.gov/schoolprofile/schools.aspx","ADDR_ID":294524,"BLDG_NUM":285,"SCH_PROG":"285A","CAPITALGAINS":"N","CAPACITY":null,"YEAR_BUILT":1976,"SQUARE_FOOTAGE":144900,"POPULATION_PLAN":null,"POPULATION_ENROLLED_2008":null,"X":401480.43,"Y":132093.89,"ADDRID":294524,"ZIP_CODE":20020}},{"type":"Feature","id":"70","geometry":{"type":"Point","coordinates":[-76.93993693965614,38.88724765063355]},"properties":{"OBJECTID":70,"NAME":"Plummer Elementary School","ADDRESS":"4601 TEXAS AVENUE SE","FACUSE":"Elementary School","LEVEL_":"ES","STATUS":"Active","PHONE":"202-939-4360","UNGRADED":null,"TOTAL_STUD":220,"SSL":" ","GIS_ID":"dcps_299","WEB_URL":"http://dcatlas.dcgis.dc.gov/schoolprofile/schools.aspx","ADDR_ID":19536,"BLDG_NUM":299,"SCH_PROG":"299","CAPITALGAINS":"N","CAPACITY":null,"YEAR_BUILT":null,"SQUARE_FOOTAGE":null,"POPULATION_PLAN":null,"POPULATION_ENROLLED_2008":null,"X":405211.23,"Y":135490.54,"ADDRID":19536,"ZIP_CODE":20019}},{"type":"Feature","id":"71","geometry":{"type":"Point","coordinates":[-76.97845864927179,38.93351012172938]},"properties":{"OBJECTID":71,"NAME":"Burroughs Education Campus","ADDRESS":"1820 MONROE STREET NE","FACUSE":"Education Campus","LEVEL_":"EC","STATUS":"Active","PHONE":"202-576-6150","UNGRADED":null,"TOTAL_STUD":296,"SSL":" ","GIS_ID":"dcps_220","WEB_URL":"http://dcatlas.dcgis.dc.gov/schoolprofile/schools.aspx","ADDR_ID":294530,"BLDG_NUM":220,"SCH_PROG":"220","CAPITALGAINS":"Y","CAPACITY":474,"YEAR_BUILT":1980,"SQUARE_FOOTAGE":63900,"POPULATION_PLAN":450,"POPULATION_ENROLLED_2008":240,"X":401867.9,"Y":140624.56,"ADDRID":294530,"ZIP_CODE":20018}},{"type":"Feature","id":"72","geometry":{"type":"Point","coordinates":[-77.02270946757577,38.91515274437822]},"properties":{"OBJECTID":72,"NAME":"Cleveland Elementary School","ADDRESS":"1825 8TH STREET NW","FACUSE":"Elementary School","LEVEL_":"ES","STATUS":"Active","PHONE":"202-939-4380","UNGRADED":null,"TOTAL_STUD":301,"SSL":" ","GIS_ID":"dcps_224","WEB_URL":"http://dcatlas.dcgis.dc.gov/schoolprofile/schools.aspx","ADDR_ID":294531,"BLDG_NUM":224,"SCH_PROG":"224","CAPITALGAINS":"N","CAPACITY":null,"YEAR_BUILT":1911,"SQUARE_FOOTAGE":54427,"POPULATION_PLAN":276,"POPULATION_ENROLLED_2008":null,"X":398030.71,"Y":138586.76,"ADDRID":294531,"ZIP_CODE":20001}},{"type":"Feature","id":"73","geometry":{"type":"Point","coordinates":[-76.97898019572973,38.892438946299286]},"properties":{"OBJECTID":73,"NAME":"Eliot-Hine Middle School","ADDRESS":"1830 CONSTITUTION AVENUE NE","FACUSE":"Middle School","LEVEL_":"MS","STATUS":"Active","PHONE":"202-939-5380","UNGRADED":0,"TOTAL_STUD":348,"SSL":" ","GIS_ID":"dcps_407","WEB_URL":"http://dcatlas.dcgis.dc.gov/schoolprofile/schools.aspx","ADDR_ID":286499,"BLDG_NUM":407,"SCH_PROG":"407","CAPITALGAINS":"Y","CAPACITY":850,"YEAR_BUILT":1931,"SQUARE_FOOTAGE":155100,"POPULATION_PLAN":450,"POPULATION_ENROLLED_2008":155,"X":401823.73,"Y":136065.31,"ADDRID":286499,"ZIP_CODE":20002}},{"type":"Feature","id":"74","geometry":{"type":"Point","coordinates":[-76.97708413269909,38.924711621752145]},"properties":{"OBJECTID":74,"NAME":"Langdon Education Campus","ADDRESS":"1900 EVARTS STREET NE","FACUSE":"Education Campus","LEVEL_":"EC","STATUS":"Active","PHONE":"202-576-6048","UNGRADED":null,"TOTAL_STUD":404,"SSL":" ","GIS_ID":"dcps_262","WEB_URL":"http://dcatlas.dcgis.dc.gov/schoolprofile/schools.aspx","ADDR_ID":294532,"BLDG_NUM":262,"SCH_PROG":"262","CAPITALGAINS":"N","CAPACITY":528,"YEAR_BUILT":1930,"SQUARE_FOOTAGE":101400,"POPULATION_PLAN":450,"POPULATION_ENROLLED_2008":408,"X":401987.32,"Y":139647.88,"ADDRID":294532,"ZIP_CODE":20018}},{"type":"Feature","id":"75","geometry":{"type":"Point","coordinates":[-76.98362343869536,38.86605014193506]},"properties":{"OBJECTID":75,"NAME":"Ketcham Elementary School","ADDRESS":"1919 15TH STREET SE","FACUSE":"Elementary School","LEVEL_":"ES","STATUS":"Active","PHONE":"202-698-1122","UNGRADED":null,"TOTAL_STUD":256,"SSL":" ","GIS_ID":"dcps_257","WEB_URL":"http://dcatlas.dcgis.dc.gov/schoolprofile/schools.aspx","ADDR_ID":286537,"BLDG_NUM":257,"SCH_PROG":"257","CAPITALGAINS":"N","CAPACITY":461,"YEAR_BUILT":1909,"SQUARE_FOOTAGE":88300,"POPULATION_PLAN":325,"POPULATION_ENROLLED_2008":356,"X":401421.44,"Y":133135.87,"ADDRID":286537,"ZIP_CODE":20020}},{"type":"Feature","id":"76","geometry":{"type":"Point","coordinates":[-76.99360654064103,38.86285943336159]},"properties":{"OBJECTID":76,"NAME":"Savoy Elementary School","ADDRESS":"2400 SHANNON PLACE SE","FACUSE":"Elementary School","LEVEL_":"ES","STATUS":"Active","PHONE":"202-939-2000","UNGRADED":0,"TOTAL_STUD":344,"SSL":" ","GIS_ID":"dcps_307","WEB_URL":"http://dcatlas.dcgis.dc.gov/schoolprofile/schools.aspx","ADDR_ID":278153,"BLDG_NUM":307,"SCH_PROG":"307","CAPITALGAINS":"N","CAPACITY":479,"YEAR_BUILT":1968,"SQUARE_FOOTAGE":64800,"POPULATION_PLAN":450,"POPULATION_ENROLLED_2008":191,"X":400555.08,"Y":132781.57,"ADDRID":278153,"ZIP_CODE":20020}},{"type":"Feature","id":"77","geometry":{"type":"Point","coordinates":[-77.05232329698579,38.907476955475495]},"properties":{"OBJECTID":77,"NAME":"School Without Walls @ Francis Stevens","ADDRESS":"2425 N STREET NW","FACUSE":"Education Campus","LEVEL_":"EC","STATUS":"Active","PHONE":"202-724-4841","UNGRADED":null,"TOTAL_STUD":233,"SSL":" ","GIS_ID":"dcps_409","WEB_URL":"http://dcatlas.dcgis.dc.gov/schoolprofile/schools.aspx","ADDR_ID":294544,"BLDG_NUM":409,"SCH_PROG":"409","CAPITALGAINS":"N","CAPACITY":520,"YEAR_BUILT":1927,"SQUARE_FOOTAGE":95100,"POPULATION_PLAN":450,"POPULATION_ENROLLED_2008":165,"X":395461.95,"Y":137735.74,"ADDRID":294544,"ZIP_CODE":20037}},{"type":"Feature","id":"78","geometry":{"type":"Point","coordinates":[-76.99986026986704,38.892903777306]},"properties":{"OBJECTID":78,"NAME":"Peabody Elementary School","ADDRESS":"425 C STREET NE","FACUSE":"Elementary School","LEVEL_":"ES","STATUS":"Active","PHONE":"202-698-3277","UNGRADED":null,"TOTAL_STUD":150,"SSL":" ","GIS_ID":"dcps_301","WEB_URL":"http://www.capitolhillclusterschool.org/","ADDR_ID":288145,"BLDG_NUM":301,"SCH_PROG":"301","CAPITALGAINS":"N","CAPACITY":null,"YEAR_BUILT":null,"SQUARE_FOOTAGE":null,"POPULATION_PLAN":null,"POPULATION_ENROLLED_2008":null,"X":400012.32,"Y":136116.7,"ADDRID":288145,"ZIP_CODE":20002}},{"type":"Feature","id":"79","geometry":{"type":"Point","coordinates":[-76.9991871249605,38.82899335346775]},"properties":{"OBJECTID":79,"NAME":"Hendley Elementary School","ADDRESS":"425 CHESAPEAKE STREET SE","FACUSE":"Elementary School","LEVEL_":"ES","STATUS":"Active","PHONE":"202-645-3450","UNGRADED":null,"TOTAL_STUD":341,"SSL":" ","GIS_ID":"dcps_249","WEB_URL":"http://dcatlas.dcgis.dc.gov/schoolprofile/schools.aspx","ADDR_ID":24445,"BLDG_NUM":249,"SCH_PROG":"249","CAPITALGAINS":"N","CAPACITY":559,"YEAR_BUILT":1959,"SQUARE_FOOTAGE":73200,"POPULATION_PLAN":325,"POPULATION_ENROLLED_2008":207,"X":400070.78,"Y":129022.18000000001,"ADDRID":24445,"ZIP_CODE":20032}},{"type":"Feature","id":"8","geometry":{"type":"Point","coordinates":[-77.0009775434966,38.83939010653733]},"properties":{"OBJECTID":8,"NAME":"Ballou STAY High School","ADDRESS":"3401 4TH STREET SE","FACUSE":"Youth Engagement","LEVEL_":"STAY","STATUS":"Active","PHONE":"202-645-3390","UNGRADED":735,"TOTAL_STUD":735,"SSL":" ","GIS_ID":"dcps_914","WEB_URL":"http://dcatlas.dcgis.dc.gov/schoolprofile/schools.aspx","ADDR_ID":294567,"BLDG_NUM":452,"SCH_PROG":"452A","CAPITALGAINS":"N","CAPACITY":null,"YEAR_BUILT":null,"SQUARE_FOOTAGE":null,"POPULATION_PLAN":null,"POPULATION_ENROLLED_2008":null,"X":399915.33,"Y":130176.29000000001,"ADDRID":294567,"ZIP_CODE":20032}},{"type":"Feature","id":"80","geometry":{"type":"Point","coordinates":[-76.96435855383109,38.870099185756025]},"properties":{"OBJECTID":80,"NAME":"Randle Highlands Elementary School","ADDRESS":"1650 30TH STREET SE","FACUSE":"Elementary School","LEVEL_":"ES","STATUS":"Active","PHONE":"202-729-3250","UNGRADED":null,"TOTAL_STUD":384,"SSL":" ","GIS_ID":"dcps_316","WEB_URL":"http://dcatlas.dcgis.dc.gov/schoolprofile/schools.aspx","ADDR_ID":156337,"BLDG_NUM":316,"SCH_PROG":"316","CAPITALGAINS":"N","CAPACITY":520,"YEAR_BUILT":2003,"SQUARE_FOOTAGE":null,"POPULATION_PLAN":null,"POPULATION_ENROLLED_2008":null,"X":403093.17,"Y":133585.82,"ADDRID":156337,"ZIP_CODE":20020}},{"type":"Feature","id":"81","geometry":{"type":"Point","coordinates":[-77.07030987431249,38.91345383178434]},"properties":{"OBJECTID":81,"NAME":"Ellington School of the Arts","ADDRESS":"3500 R STREET NW","FACUSE":"High School/Specialized","LEVEL_":"HS","STATUS":"Active","PHONE":"202-282-0123","UNGRADED":1,"TOTAL_STUD":517,"SSL":" ","GIS_ID":"dcps_471","WEB_URL":"http://www.ellingtonschool.org","ADDR_ID":294569,"BLDG_NUM":471,"SCH_PROG":"471","CAPITALGAINS":"N","CAPACITY":500,"YEAR_BUILT":1898,"SQUARE_FOOTAGE":167500,"POPULATION_PLAN":700,"POPULATION_ENROLLED_2008":463,"X":393902.4,"Y":138400.27,"ADDRID":294569,"ZIP_CODE":20007}},{"type":"Feature","id":"82","geometry":{"type":"Point","coordinates":[-76.95211317978585,38.90128642690779]},"properties":{"OBJECTID":82,"NAME":"Thomas Elementary School","ADDRESS":"650 ANACOSTIA AVENUE NE","FACUSE":"Elementary School","LEVEL_":"ES","STATUS":"Active","PHONE":"202-724-4593","UNGRADED":null,"TOTAL_STUD":235,"SSL":" ","GIS_ID":"dcps_325","WEB_URL":"http://dcatlas.dcgis.dc.gov/schoolprofile/schools.aspx","ADDR_ID":294493,"BLDG_NUM":325,"SCH_PROG":"325","CAPITALGAINS":"N","CAPACITY":636,"YEAR_BUILT":1946,"SQUARE_FOOTAGE":87600,"POPULATION_PLAN":325,"POPULATION_ENROLLED_2008":287,"X":404154.01,"Y":137048.33000000002,"ADDRID":294493,"ZIP_CODE":20019}},{"type":"Feature","id":"83","geometry":{"type":"Point","coordinates":[-76.93079876645987,38.88596187224884]},"properties":{"OBJECTID":83,"NAME":"Nalle Elementary School","ADDRESS":"219 50TH STREET SE","FACUSE":"Elementary School","LEVEL_":"ES","STATUS":"Active","PHONE":"202-671-6280","UNGRADED":null,"TOTAL_STUD":327,"SSL":" ","GIS_ID":"dcps_288","WEB_URL":"http://dcatlas.dcgis.dc.gov/schoolprofile/schools.aspx","ADDR_ID":294474,"BLDG_NUM":288,"SCH_PROG":"288","CAPITALGAINS":"N","CAPACITY":460,"YEAR_BUILT":1950,"SQUARE_FOOTAGE":83900,"POPULATION_PLAN":400,"POPULATION_ENROLLED_2008":383,"X":406004.16000000003,"Y":135348.37,"ADDRID":294474,"ZIP_CODE":20019}},{"type":"Feature","id":"84","geometry":{"type":"Point","coordinates":[-77.04053225052327,38.91917509629289]},"properties":{"OBJECTID":84,"NAME":"Marie Reed Elementary School","ADDRESS":"2200 CHAMPLAIN STREET NW","FACUSE":"Elementary School","LEVEL_":"ES","STATUS":"Active","PHONE":"202-673-7308","UNGRADED":0,"TOTAL_STUD":357,"SSL":" ","GIS_ID":"dcps_284","WEB_URL":"http://www.dcps.dc.gov/DCPS/mariereed","ADDR_ID":235577,"BLDG_NUM":284,"SCH_PROG":"284","CAPITALGAINS":"N","CAPACITY":null,"YEAR_BUILT":null,"SQUARE_FOOTAGE":null,"POPULATION_PLAN":null,"POPULATION_ENROLLED_2008":null,"X":396485.22000000003,"Y":139033.81,"ADDRID":235577,"ZIP_CODE":20009}},{"type":"Feature","id":"85","geometry":{"type":"Point","coordinates":[-76.97448629119839,38.87180460651209]},"properties":{"OBJECTID":85,"NAME":"Orr Elementary School","ADDRESS":"2200 MINNESOTA AVENUE SE","FACUSE":"Elementary School","LEVEL_":"ES","STATUS":"Active","PHONE":"202-671-6240","UNGRADED":null,"TOTAL_STUD":308,"SSL":" ","GIS_ID":"dcps_291","WEB_URL":"http://orrelementary.com/","ADDR_ID":294539,"BLDG_NUM":291,"SCH_PROG":"291","CAPITALGAINS":"N","CAPACITY":null,"YEAR_BUILT":null,"SQUARE_FOOTAGE":null,"POPULATION_PLAN":null,"POPULATION_ENROLLED_2008":null,"X":402214.23,"Y":133774.84,"ADDRID":294539,"ZIP_CODE":20020}},{"type":"Feature","id":"86","geometry":{"type":"Point","coordinates":[-77.03881288124978,38.92395054307423]},"properties":{"OBJECTID":86,"NAME":"H.D. Cooke Elementary School","ADDRESS":"2525 17TH STREET NW","FACUSE":"Elementary School","LEVEL_":"ES","STATUS":"Active","PHONE":"202-939-5390","UNGRADED":null,"TOTAL_STUD":396,"SSL":" ","GIS_ID":"dcps_227","WEB_URL":"http://www.dcps.dc.gov/DCPS/hdcooke","ADDR_ID":235863,"BLDG_NUM":227,"SCH_PROG":"227","CAPITALGAINS":"N","CAPACITY":null,"YEAR_BUILT":null,"SQUARE_FOOTAGE":null,"POPULATION_PLAN":null,"POPULATION_ENROLLED_2008":null,"X":396634.55,"Y":139563.86000000002,"ADDRID":235863,"ZIP_CODE":20009}},{"type":"Feature","id":"87","geometry":{"type":"Point","coordinates":[-76.95560701756008,38.86435728742929]},"properties":{"OBJECTID":87,"NAME":"Beers Elementary School","ADDRESS":"3600 ALABAMA AVENUE SE","FACUSE":"Elementary School","LEVEL_":"ES","STATUS":"Active","PHONE":"202-939-4800","UNGRADED":null,"TOTAL_STUD":386,"SSL":" ","GIS_ID":"dcps_206","WEB_URL":"http://dcatlas.dcgis.dc.gov/schoolprofile/schools.aspx","ADDR_ID":278406,"BLDG_NUM":206,"SCH_PROG":"206","CAPITALGAINS":"N","CAPACITY":448,"YEAR_BUILT":1942,"SQUARE_FOOTAGE":77500,"POPULATION_PLAN":400,"POPULATION_ENROLLED_2008":330,"X":403852.94,"Y":132948.76,"ADDRID":278406,"ZIP_CODE":20020}},{"type":"Feature","id":"88","geometry":{"type":"Point","coordinates":[-76.95316111317253,38.88390186232114]},"properties":{"OBJECTID":88,"NAME":"Sousa Middle School","ADDRESS":"3650 ELY PLACE SE","FACUSE":"Middle School","LEVEL_":"MS","STATUS":"Active","PHONE":"202-729-3260","UNGRADED":null,"TOTAL_STUD":348,"SSL":" ","GIS_ID":"dcps_427","WEB_URL":"http://www.sousamiddleschool.org/","ADDR_ID":294584,"BLDG_NUM":427,"SCH_PROG":"427","CAPITALGAINS":"N","CAPACITY":null,"YEAR_BUILT":null,"SQUARE_FOOTAGE":null,"POPULATION_PLAN":null,"POPULATION_ENROLLED_2008":null,"X":404064.10000000003,"Y":135118.46,"ADDRID":294584,"ZIP_CODE":20019}},{"type":"Feature","id":"89","geometry":{"type":"Point","coordinates":[-77.07520137805462,38.952904202814935]},"properties":{"OBJECTID":89,"NAME":"Deal Middle School","ADDRESS":"3815 FORT DRIVE NW","FACUSE":"Middle School","LEVEL_":"MS","STATUS":"Active","PHONE":"202-939-2010","UNGRADED":null,"TOTAL_STUD":1014,"SSL":" ","GIS_ID":"dcps_405","WEB_URL":"http://www.dealpta.org","ADDR_ID":277548,"BLDG_NUM":405,"SCH_PROG":"405","CAPITALGAINS":"N","CAPACITY":900,"YEAR_BUILT":1931,"SQUARE_FOOTAGE":180000,"POPULATION_PLAN":850,"POPULATION_ENROLLED_2008":null,"X":393481.78,"Y":142779.94,"ADDRID":277548,"ZIP_CODE":20016}},{"type":"Feature","id":"9","geometry":{"type":"Point","coordinates":[-77.02507387055014,38.953976155311054]},"properties":{"OBJECTID":9,"NAME":"Truesdell Education Campus","ADDRESS":"800 INGRAHAM STREET NW","FACUSE":"Education Campus","LEVEL_":"EC","STATUS":"Active","PHONE":"202-576-6202","UNGRADED":null,"TOTAL_STUD":423,"SSL":" ","GIS_ID":"dcps_327","WEB_URL":"http://dcatlas.dcgis.dc.gov/schoolprofile/schools.aspx","ADDR_ID":294497,"BLDG_NUM":327,"SCH_PROG":"327","CAPITALGAINS":"N","CAPACITY":471,"YEAR_BUILT":1908,"SQUARE_FOOTAGE":69600,"POPULATION_PLAN":450,"POPULATION_ENROLLED_2008":286,"X":397826.84,"Y":142896.55000000002,"ADDRID":294497,"ZIP_CODE":20011}},{"type":"Feature","id":"90","geometry":{"type":"Point","coordinates":[-76.9337031788254,38.89700926754652]},"properties":{"OBJECTID":90,"NAME":"Aiton Elementary School","ADDRESS":"533 48TH PLACE NE","FACUSE":"Elementary School","LEVEL_":"ES","STATUS":"Active","PHONE":"202-671-6060","UNGRADED":null,"TOTAL_STUD":269,"SSL":" ","GIS_ID":"dcps_202","WEB_URL":"http://dcatlas.dcgis.dc.gov/schoolprofile/schools.aspx","ADDR_ID":294490,"BLDG_NUM":202,"SCH_PROG":"202","CAPITALGAINS":"N","CAPACITY":479,"YEAR_BUILT":1960,"SQUARE_FOOTAGE":57100,"POPULATION_PLAN":400,"POPULATION_ENROLLED_2008":357,"X":405751.28,"Y":136574.53,"ADDRID":294490,"ZIP_CODE":20019}},{"type":"Feature","id":"91","geometry":{"type":"Point","coordinates":[-76.91992926627661,38.8960014304876]},"properties":{"OBJECTID":91,"NAME":"Drew Elementary School","ADDRESS":"5600 EADS STREET NE","FACUSE":"Elementary School","LEVEL_":"ES","STATUS":"Active","PHONE":"202-671-6040","UNGRADED":null,"TOTAL_STUD":181,"SSL":" ","GIS_ID":"dcps_231","WEB_URL":"http://dcatlas.dcgis.dc.gov/schoolprofile/schools.aspx","ADDR_ID":277686,"BLDG_NUM":231,"SCH_PROG":"231","CAPITALGAINS":"N","CAPACITY":null,"YEAR_BUILT":null,"SQUARE_FOOTAGE":null,"POPULATION_PLAN":null,"POPULATION_ENROLLED_2008":null,"X":406946.23,"Y":136463.61000000002,"ADDRID":277686,"ZIP_CODE":20019}},{"type":"Feature","id":"92","geometry":{"type":"Point","coordinates":[-76.99231860919365,38.932283841906624]},"properties":{"OBJECTID":92,"NAME":"Luke C. Moore High School","ADDRESS":"1001 MONROE STREET NE","FACUSE":"High School/Specialized","LEVEL_":"HS","STATUS":"Active","PHONE":"202-281-3600","UNGRADED":0,"TOTAL_STUD":293,"SSL":" ","GIS_ID":"dcps_884","WEB_URL":"http://dcatlas.dcgis.dc.gov/schoolprofile/schools.aspx","ADDR_ID":294504,"BLDG_NUM":884,"SCH_PROG":"884","CAPITALGAINS":"N","CAPACITY":null,"YEAR_BUILT":null,"SQUARE_FOOTAGE":null,"POPULATION_PLAN":null,"POPULATION_ENROLLED_2008":null,"X":400666.21,"Y":140488.24,"ADDRID":294504,"ZIP_CODE":20017}},{"type":"Feature","id":"93","geometry":{"type":"Point","coordinates":[-77.06803943094211,38.966635018804]},"properties":{"OBJECTID":93,"NAME":"Lafayette Elementary School","ADDRESS":"5701 BROAD BRANCH ROAD NW","FACUSE":"Elementary School","LEVEL_":"ES","STATUS":"Active","PHONE":"202-282-0116","UNGRADED":null,"TOTAL_STUD":707,"SSL":" ","GIS_ID":"dcps_261","WEB_URL":"http://www.lafayettehsa.org","ADDR_ID":294611,"BLDG_NUM":261,"SCH_PROG":"261","CAPITALGAINS":"N","CAPACITY":486,"YEAR_BUILT":1931,"SQUARE_FOOTAGE":113600,"POPULATION_PLAN":550,"POPULATION_ENROLLED_2008":623,"X":394103.71,"Y":144303.7,"ADDRID":294611,"ZIP_CODE":20015}},{"type":"Feature","id":"94","geometry":{"type":"Point","coordinates":[-76.9829065969051,38.89738346956647]},"properties":{"OBJECTID":94,"NAME":"Miner Elementary School","ADDRESS":"601 15TH STREET NE","FACUSE":"Elementary School","LEVEL_":"ES","STATUS":"Active","PHONE":"202-397-3960","UNGRADED":null,"TOTAL_STUD":469,"SSL":" ","GIS_ID":"dcps_280","WEB_URL":"http://dcatlas.dcgis.dc.gov/schoolprofile/schools.aspx","ADDR_ID":289548,"BLDG_NUM":280,"SCH_PROG":"280","CAPITALGAINS":"N","CAPACITY":null,"YEAR_BUILT":null,"SQUARE_FOOTAGE":null,"POPULATION_PLAN":null,"POPULATION_ENROLLED_2008":null,"X":401483,"Y":136614.12,"ADDRID":289548,"ZIP_CODE":20002}},{"type":"Feature","id":"95","geometry":{"type":"Point","coordinates":[-76.99718102575224,38.837745313083396]},"properties":{"OBJECTID":95,"NAME":"Hart Middle School","ADDRESS":"601 MISSISSIPPI AVENUE SE","FACUSE":"Middle School","LEVEL_":"MS","STATUS":"Active","PHONE":"202-671-6426","UNGRADED":null,"TOTAL_STUD":530,"SSL":" ","GIS_ID":"dcps_413","WEB_URL":"http://dcatlas.dcgis.dc.gov/schoolprofile/schools.aspz","ADDR_ID":5534,"BLDG_NUM":413,"SCH_PROG":"413","CAPITALGAINS":"Y","CAPACITY":1110,"YEAR_BUILT":1956,"SQUARE_FOOTAGE":210700,"POPULATION_PLAN":550,"POPULATION_ENROLLED_2008":524,"X":400244.94,"Y":129993.71,"ADDRID":5534,"ZIP_CODE":20032}},{"type":"Feature","id":"96","geometry":{"type":"Point","coordinates":[-77.01924089573717,38.96586473944469]},"properties":{"OBJECTID":96,"NAME":"Whittier Education Campus","ADDRESS":"6201 5TH STREET NW","FACUSE":"Education Campus","LEVEL_":"EC","STATUS":"Active","PHONE":"202-576-6156","UNGRADED":null,"TOTAL_STUD":346,"SSL":" ","GIS_ID":"dcps_338","WEB_URL":"http://www.whittierdc.net","ADDR_ID":294614,"BLDG_NUM":338,"SCH_PROG":"338","CAPITALGAINS":"Y","CAPACITY":517,"YEAR_BUILT":1926,"SQUARE_FOOTAGE":66600,"POPULATION_PLAN":600,"POPULATION_ENROLLED_2008":365,"X":398332.71,"Y":144216.17,"ADDRID":294614,"ZIP_CODE":20011}},{"type":"Feature","id":"97","geometry":{"type":"Point","coordinates":[-77.02861484945453,38.91390874725564]},"properties":{"OBJECTID":97,"NAME":"Garrison Elementary School","ADDRESS":"1200 S STREET NW","FACUSE":"Elementary School","LEVEL_":"ES","STATUS":"Active","PHONE":"202-673-7263","UNGRADED":null,"TOTAL_STUD":237,"SSL":" ","GIS_ID":"dcps_239","WEB_URL":"http://dcatlas.dcgis.dc.gov/schoolprofile/schools.aspx","ADDR_ID":294509,"BLDG_NUM":239,"SCH_PROG":"239","CAPITALGAINS":"N","CAPACITY":474,"YEAR_BUILT":1964,"SQUARE_FOOTAGE":60200,"POPULATION_PLAN":325,"POPULATION_ENROLLED_2008":240,"X":397518.52,"Y":138448.81,"ADDRID":294509,"ZIP_CODE":20009}},{"type":"Feature","id":"98","geometry":{"type":"Point","coordinates":[-76.92232440248637,38.89679061330222]},"properties":{"OBJECTID":98,"NAME":"H.D. Woodson High School","ADDRESS":"540 55TH STREET NE","FACUSE":"High School","LEVEL_":"SHS","STATUS":"Active","PHONE":"202-724-4632","UNGRADED":null,"TOTAL_STUD":810,"SSL":" ","GIS_ID":"dcps_426","WEB_URL":"http://dcatlas.dcgis.dc.gov/schoolprofile/schools.aspx","ADDR_ID":309633,"BLDG_NUM":425,"SCH_PROG":"425","CAPITALGAINS":"N","CAPACITY":1085,"YEAR_BUILT":1967,"SQUARE_FOOTAGE":156000,"POPULATION_PLAN":450,"POPULATION_ENROLLED_2008":263,"X":406737.85000000003,"Y":136551.42,"ADDRID":309633,"ZIP_CODE":20016}},{"type":"Feature","id":"99","geometry":{"type":"Point","coordinates":[-77.00412472481025,38.91522757595278]},"properties":{"OBJECTID":99,"NAME":"McKinley Technology High School","ADDRESS":"151 T STREET NE","FACUSE":"High School/Specialized","LEVEL_":"HS","STATUS":"Active","PHONE":"202-281-3950","UNGRADED":0,"TOTAL_STUD":670,"SSL":" ","GIS_ID":"dcps_458","WEB_URL":"http://mths.k12.dc.us/","ADDR_ID":296345,"BLDG_NUM":458,"SCH_PROG":"458","CAPITALGAINS":"N","CAPACITY":null,"YEAR_BUILT":null,"SQUARE_FOOTAGE":null,"POPULATION_PLAN":null,"POPULATION_ENROLLED_2008":null,"X":399642.48,"Y":138594.83000000002,"ADDRID":296345,"ZIP_CODE":20002}}],"name":"Education - DC","updated_at":1405036640000}